target,stage,query_time_step,key_time_step,query_lag_steps,key_lag_steps,mean_attention_score
Tout_C,Early,0,0,-29,-29,0.0233998522162437
Tout_C,Early,0,1,-29,-28,0.0227595474570989
Tout_C,Early,0,2,-29,-27,0.0224481746554374
Tout_C,Early,0,3,-29,-26,0.0223413165658712
Tout_C,Early,0,4,-29,-25,0.0223595909774303
Tout_C,Early,0,5,-29,-24,0.0224514193832874
Tout_C,Early,0,6,-29,-23,0.0225834213197231
Tout_C,Early,0,7,-29,-22,0.0227346196770668
Tout_C,Early,0,8,-29,-21,0.0228926297277212
Tout_C,Early,0,9,-29,-20,0.0230511855334043
Tout_C,Early,0,10,-29,-19,0.023208625614643
Tout_C,Early,0,11,-29,-18,0.0233667027205228
Tout_C,Early,0,12,-29,-17,0.0235299840569496
Tout_C,Early,0,13,-29,-16,0.0237055737525224
Tout_C,Early,0,14,-29,-15,0.0239031892269849
Tout_C,Early,0,15,-29,-14,0.0241353623569011
Tout_C,Early,0,16,-29,-13,0.0244184024631977
Tout_C,Early,0,17,-29,-12,0.024773659184575
Tout_C,Early,0,18,-29,-11,0.0252298153936862
Tout_C,Early,0,19,-29,-10,0.0258265454322099
Tout_C,Early,0,20,-29,-9,0.0266208592802286
Tout_C,Early,0,21,-29,-8,0.0276978202164173
Tout_C,Early,0,22,-29,-7,0.0291901193559169
Tout_C,Early,0,23,-29,-6,0.0313149318099021
Tout_C,Early,0,24,-29,-5,0.0344473831355571
Tout_C,Early,0,25,-29,-4,0.0392770208418369
Tout_C,Early,0,26,-29,-3,0.0471659190952777
Tout_C,Early,0,27,-29,-2,0.0610432252287864
Tout_C,Early,0,28,-29,-1,0.087873063981533
Tout_C,Early,0,29,-29,0,0.1462500244379043
Tout_C,Early,1,0,-28,-29,0.0231226813048124
Tout_C,Early,1,1,-28,-28,0.0223455317318439
Tout_C,Early,1,2,-28,-27,0.0219549275934696
Tout_C,Early,1,3,-28,-26,0.0218012612313032
Tout_C,Early,1,4,-28,-25,0.0217913892120122
Tout_C,Early,1,5,-28,-24,0.0218658000230789
Tout_C,Early,1,6,-28,-23,0.0219863057136535
Tout_C,Early,1,7,-28,-22,0.0221290346235036
Tout_C,Early,1,8,-28,-21,0.0222796946763992
Tout_C,Early,1,9,-28,-20,0.0224309358745813
Tout_C,Early,1,10,-28,-19,0.0225803684443235
Tout_C,Early,1,11,-28,-18,0.0227293167263269
Tout_C,Early,1,12,-28,-17,0.0228820703923702
Tout_C,Early,1,13,-28,-16,0.0230455789715051
Tout_C,Early,1,14,-28,-15,0.0232292916625738
Tout_C,Early,1,15,-28,-14,0.0234456192702054
Tout_C,Early,1,16,-28,-13,0.0237105302512645
Tout_C,Early,1,17,-28,-12,0.0240450277924537
Tout_C,Early,1,18,-28,-11,0.0244773086160421
Tout_C,Early,1,19,-28,-10,0.0250465832650661
Tout_C,Early,1,20,-28,-9,0.025809496641159
Tout_C,Early,1,21,-28,-8,0.0268515273928642
Tout_C,Early,1,22,-28,-7,0.0283077079802751
Tout_C,Early,1,23,-28,-6,0.0304028559476137
Tout_C,Early,1,24,-28,-5,0.0335333086550235
Tout_C,Early,1,25,-28,-4,0.0384454764425754
Tout_C,Early,1,26,-28,-3,0.0466568917036056
Tout_C,Early,1,27,-28,-2,0.0615462958812713
Tout_C,Early,1,28,-28,-1,0.0914915353059768
Tout_C,Early,1,29,-28,0,0.1600556075572967
Tout_C,Early,2,0,-27,-29,0.0229695457965135
Tout_C,Early,2,1,-27,-28,0.0221006460487842
Tout_C,Early,2,2,-27,-27,0.0216572228819131
Tout_C,Early,2,3,-27,-26,0.0214722137898206
Tout_C,Early,2,4,-27,-25,0.0214432962238788
Tout_C,Early,2,5,-27,-24,0.0215056352317333
Tout_C,Early,2,6,-27,-23,0.0216180067509412
Tout_C,Early,2,7,-27,-22,0.0217545740306377
Tout_C,Early,2,8,-27,-21,0.0218998827040195
Tout_C,Early,2,9,-27,-20,0.0220458656549453
Tout_C,Early,2,10,-27,-19,0.0221896544098854
Tout_C,Early,2,11,-27,-18,0.0223322957754135
Tout_C,Early,2,12,-27,-17,0.0224778614938259
Tout_C,Early,2,13,-27,-16,0.0226331818848848
Tout_C,Early,2,14,-27,-15,0.0228075105696916
Tout_C,Early,2,15,-27,-14,0.0230130460113286
Tout_C,Early,2,16,-27,-13,0.0232654958963394
Tout_C,Early,2,17,-27,-12,0.0235854499042034
Tout_C,Early,2,18,-27,-11,0.0240005664527416
Tout_C,Early,2,19,-27,-10,0.0245493873953819
Tout_C,Early,2,20,-27,-9,0.0252878312021493
Tout_C,Early,2,21,-27,-8,0.0263006314635276
Tout_C,Early,2,22,-27,-7,0.0277229342609643
Tout_C,Early,2,23,-27,-6,0.0297821089625358
Tout_C,Early,2,24,-27,-5,0.0328844785690307
Tout_C,Early,2,25,-27,-4,0.0378077179193496
Tout_C,Early,2,26,-27,-3,0.046164646744728
Tout_C,Early,2,27,-27,-2,0.0616332478821277
Tout_C,Early,2,28,-27,-1,0.093606561422348
Tout_C,Early,2,29,-27,0,0.1694887429475784
Tout_C,Early,3,0,-26,-29,0.0228766500949859
Tout_C,Early,3,1,-26,-28,0.0219490658491849
Tout_C,Early,3,2,-26,-27,0.0214719995856285
Tout_C,Early,3,3,-26,-26,0.0212669856846332
Tout_C,Early,3,4,-26,-25,0.0212257225066423
Tout_C,Early,3,5,-26,-24,0.0212801117449998
Tout_C,Early,3,6,-26,-23,0.0213869251310825
Tout_C,Early,3,7,-26,-22,0.0215191673487424
Tout_C,Early,3,8,-26,-21,0.0216607134789228
Tout_C,Early,3,9,-26,-20,0.0218029450625181
Tout_C,Early,3,10,-26,-19,0.0219427682459354
Tout_C,Early,3,11,-26,-18,0.0220810398459434
Tout_C,Early,3,12,-26,-17,0.0222217105329036
Tout_C,Early,3,13,-26,-16,0.0223714392632246
Tout_C,Early,3,14,-26,-15,0.0225394330918788
Tout_C,Early,3,15,-26,-14,0.0227376669645309
Tout_C,Early,3,16,-26,-13,0.022981621325016
Tout_C,Early,3,17,-26,-12,0.0232915561646223
Tout_C,Early,3,18,-26,-11,0.0236947294324636
Tout_C,Early,3,19,-26,-10,0.0242290217429399
Tout_C,Early,3,20,-26,-9,0.0249495394527912
Tout_C,Early,3,21,-26,-8,0.0259401928633451
Tout_C,Early,3,22,-26,-7,0.0273354854434728
Tout_C,Early,3,23,-26,-6,0.029363177716732
Tout_C,Early,3,24,-26,-5,0.032434020191431
Tout_C,Early,3,25,-26,-4,0.0373431779444217
Tout_C,Early,3,26,-26,-3,0.0457619912922382
Tout_C,Early,3,27,-26,-2,0.0615663714706897
Tout_C,Early,3,28,-26,-1,0.0948628410696983
Tout_C,Early,3,29,-26,0,0.1759117990732193
Tout_C,Early,4,0,-25,-29,0.0228152777999639
Tout_C,Early,4,1,-25,-28,0.0218525063246488
Tout_C,Early,4,2,-25,-27,0.0213553439825773
Tout_C,Early,4,3,-25,-26,0.0211383067071437
Tout_C,Early,4,4,-25,-25,0.0210895035415887
Tout_C,Early,4,5,-25,-24,0.0211388915777206
Tout_C,Early,4,6,-25,-23,0.0212420597672462
Tout_C,Early,4,7,-25,-22,0.0213713757693767
Tout_C,Early,4,8,-25,-21,0.0215102098882198
Tout_C,Early,4,9,-25,-20,0.0216498021036386
Tout_C,Early,4,10,-25,-19,0.0217868257313966
Tout_C,Early,4,11,-25,-18,0.0219220351427793
Tout_C,Early,4,12,-25,-17,0.0220592990517616
Tout_C,Early,4,13,-25,-16,0.022205201908946
Tout_C,Early,4,14,-25,-15,0.0223688427358865
Tout_C,Early,4,15,-25,-14,0.0225620996206998
Tout_C,Early,4,16,-25,-13,0.0228002592921257
Tout_C,Early,4,17,-25,-12,0.0231033246964216
Tout_C,Early,4,18,-25,-11,0.0234981887042522
Tout_C,Early,4,19,-25,-10,0.0240222569555044
Tout_C,Early,4,20,-25,-9,0.0247300248593091
Tout_C,Early,4,21,-25,-8,0.0257045738399028
Tout_C,Early,4,22,-25,-7,0.0270795170217752
Tout_C,Early,4,23,-25,-6,0.029082303866744
Tout_C,Early,4,24,-25,-5,0.0321255624294281
Tout_C,Early,4,25,-25,-4,0.0370139628648757
Tout_C,Early,4,26,-25,-3,0.0454549938440322
Tout_C,Early,4,27,-25,-2,0.0614548213779926
Tout_C,Early,4,28,-25,-1,0.09561238437891
Tout_C,Early,4,29,-25,0,0.1802503764629364
Tout_C,Early,5,0,-24,-29,0.0227717235684394
Tout_C,Early,5,1,-24,-28,0.0217900332063436
Tout_C,Early,5,2,-24,-27,0.0212821215391159
Tout_C,Early,5,3,-24,-26,0.0210586469620466
Tout_C,Early,5,4,-24,-25,0.021005680784583
Tout_C,Early,5,5,-24,-24,0.0210521258413791
Tout_C,Early,5,6,-24,-23,0.0211530644446611
Tout_C,Early,5,7,-24,-22,0.0212804246693849
Tout_C,Early,5,8,-24,-21,0.0214174315333366
Tout_C,Early,5,9,-24,-20,0.0215551387518644
Tout_C,Early,5,10,-24,-19,0.0216901563107967
Tout_C,Early,5,11,-24,-18,0.0218231901526451
Tout_C,Early,5,12,-24,-17,0.0219580736011266
Tout_C,Early,5,13,-24,-16,0.0221013221889734
Tout_C,Early,5,14,-24,-15,0.0222619734704494
Tout_C,Early,5,15,-24,-14,0.0224518068134784
Tout_C,Early,5,16,-24,-13,0.0226859878748655
Tout_C,Early,5,17,-24,-12,0.0229843314737081
Tout_C,Early,5,18,-24,-11,0.023373445495963
Tout_C,Early,5,19,-24,-10,0.0238904412835836
Tout_C,Early,5,20,-24,-9,0.0245892331004142
Tout_C,Early,5,21,-24,-8,0.0255522951483726
Tout_C,Early,5,22,-24,-7,0.0269124787300825
Tout_C,Early,5,23,-24,-6,0.0288966353982687
Tout_C,Early,5,24,-24,-5,0.0319179259240627
Tout_C,Early,5,25,-24,-4,0.0367862395942211
Tout_C,Early,5,26,-24,-3,0.0452311113476753
Tout_C,Early,5,27,-24,-2,0.0613430552184581
Tout_C,Early,5,28,-24,-1,0.0960537940263748
Tout_C,Early,5,29,-24,0,0.1831302344799041
Tout_C,Early,6,0,-23,-29,0.022738916799426
Tout_C,Early,6,1,-23,-28,0.0217494238168001
Tout_C,Early,6,2,-23,-27,0.0212371926754713
Tout_C,Early,6,3,-23,-26,0.0210110265761613
Tout_C,Early,6,4,-23,-25,0.0209562499076128
Tout_C,Early,6,5,-23,-24,0.0210012830793857
Tout_C,Early,6,6,-23,-23,0.0211009792983531
Tout_C,Early,6,7,-23,-22,0.0212271269410848
Tout_C,Early,6,8,-23,-21,0.0213629100471735
Tout_C,Early,6,9,-23,-20,0.0214993003755807
Tout_C,Early,6,10,-23,-19,0.0216329135000705
Tout_C,Early,6,11,-23,-18,0.0217644087970256
Tout_C,Early,6,12,-23,-17,0.0218976140022277
Tout_C,Early,6,13,-23,-16,0.0220390055328607
Tout_C,Early,6,14,-23,-15,0.0221975725144147
Tout_C,Early,6,15,-23,-14,0.0223850514739751
Tout_C,Early,6,16,-23,-13,0.0226165112107992
Tout_C,Early,6,17,-23,-12,0.0229116212576627
Tout_C,Early,6,18,-23,-11,0.0232968591153621
Tout_C,Early,6,19,-23,-10,0.0238089896738529
Tout_C,Early,6,20,-23,-9,0.0245016030967235
Tout_C,Early,6,21,-23,-8,0.0254567265510559
Tout_C,Early,6,22,-23,-7,0.0268065463751554
Tout_C,Early,6,23,-23,-6,0.0287773087620735
Tout_C,Early,6,24,-23,-5,0.0317821949720382
Tout_C,Early,6,25,-23,-4,0.0366337224841117
Tout_C,Early,6,26,-23,-3,0.0450745560228824
Tout_C,Early,6,27,-23,-2,0.0612481087446212
Tout_C,Early,6,28,-23,-1,0.0963038429617881
Tout_C,Early,6,29,-23,0,0.1849804520606994
Tout_C,Early,7,0,-22,-29,0.022712979465723
Tout_C,Early,7,1,-22,-28,0.0217231679707765
Tout_C,Early,7,2,-22,-27,0.021210903301835
Tout_C,Early,7,3,-22,-26,0.0209846533834934
Tout_C,Early,7,4,-22,-25,0.020929655060172
Tout_C,Early,7,5,-22,-24,0.0209743455052375
Tout_C,Early,7,6,-22,-23,0.0210735443979501
Tout_C,Early,7,7,-22,-22,0.0211990624666214
Tout_C,Early,7,8,-22,-21,0.0213340930640697
Tout_C,Early,7,9,-22,-20,0.0214696060866117
Tout_C,Early,7,10,-22,-19,0.0216022338718175
Tout_C,Early,7,11,-22,-18,0.0217326376587152
Tout_C,Early,7,12,-22,-17,0.0218646600842475
Tout_C,Early,7,13,-22,-16,0.0220047552138566
Tout_C,Early,7,14,-22,-15,0.0221618954092264
Tout_C,Early,7,15,-22,-14,0.0223477631807327
Tout_C,Early,7,16,-22,-13,0.0225774049758911
Tout_C,Early,7,17,-22,-12,0.0228703618049621
Tout_C,Early,7,18,-22,-11,0.0232530012726783
Tout_C,Early,7,19,-22,-10,0.0237619075924158
Tout_C,Early,7,20,-22,-9,0.0244504660367965
Tout_C,Early,7,21,-22,-8,0.0254002679139375
Tout_C,Early,7,22,-22,-7,0.0267431214451789
Tout_C,Early,7,23,-22,-6,0.0287047978490591
Tout_C,Early,7,24,-22,-5,0.0316981710493564
Tout_C,Early,7,25,-22,-4,0.0365369506180286
Tout_C,Early,7,26,-22,-3,0.0449709743261337
Tout_C,Early,7,27,-22,-2,0.0611752830445766
Tout_C,Early,7,28,-22,-1,0.096432976424694
Tout_C,Early,7,29,-22,0,0.1860981881618499
Tout_C,Early,8,0,-21,-29,0.0226915869861841
Tout_C,Early,8,1,-21,-28,0.0217064470052719
Tout_C,Early,8,2,-21,-27,0.0211969837546348
Tout_C,Early,8,3,-21,-26,0.0209724400192499
Tout_C,Early,8,4,-21,-25,0.0209183599799871
Tout_C,Early,8,5,-21,-24,0.0209634583443403
Tout_C,Early,8,6,-21,-23,0.0210627075284719
Tout_C,Early,8,7,-21,-22,0.0211880076676607
Tout_C,Early,8,8,-21,-21,0.0213226322084665
Tout_C,Early,8,9,-21,-20,0.0214576162397861
Tout_C,Early,8,10,-21,-19,0.0215896014124155
Tout_C,Early,8,11,-21,-18,0.0217192769050598
Tout_C,Early,8,12,-21,-17,0.0218504890799522
Tout_C,Early,8,13,-21,-16,0.0219896901398897
Tout_C,Early,8,14,-21,-15,0.0221458692103624
Tout_C,Early,8,15,-21,-14,0.0223306771367788
Tout_C,Early,8,16,-21,-13,0.0225590895861387
Tout_C,Early,8,17,-21,-12,0.022850701585412
Tout_C,Early,8,18,-21,-11,0.023231690749526
Tout_C,Early,8,19,-21,-10,0.0237386003136634
Tout_C,Early,8,20,-21,-9,0.0244246274232864
Tout_C,Early,8,21,-21,-8,0.0253711529076099
Tout_C,Early,8,22,-21,-7,0.0267097391188144
Tout_C,Early,8,23,-21,-6,0.0286657102406024
Tout_C,Early,8,24,-21,-5,0.0316516533493995
Tout_C,Early,8,25,-21,-4,0.03648167476058
Tout_C,Early,8,26,-21,-3,0.0449089296162128
Tout_C,Early,8,27,-21,-2,0.0611246265470981
Tout_C,Early,8,28,-21,-1,0.096484862267971
Tout_C,Early,8,29,-21,0,0.186691015958786
Tout_C,Early,9,0,-20,-29,0.0226732790470123
Tout_C,Early,9,1,-20,-28,0.0216960627585649
Tout_C,Early,9,2,-20,-27,0.0211913548409938
Tout_C,Early,9,3,-20,-26,0.0209696590900421
Tout_C,Early,9,4,-20,-25,0.020917298272252
Tout_C,Early,9,5,-20,-24,0.0209633540362119
Tout_C,Early,9,6,-20,-23,0.0210630763322114
Tout_C,Early,9,7,-20,-22,0.0211885198950767
Tout_C,Early,9,8,-20,-21,0.0213230177760124
Tout_C,Early,9,9,-20,-20,0.0214577317237854
Tout_C,Early,9,10,-20,-19,0.0215893294662237
Tout_C,Early,9,11,-20,-18,0.0217185337096452
Tout_C,Early,9,12,-20,-17,0.0218491982668638
Tout_C,Early,9,13,-20,-16,0.0219878274947404
Tout_C,Early,9,14,-20,-15,0.0221433788537979
Tout_C,Early,9,15,-20,-14,0.0223275236785411
Tout_C,Early,9,16,-20,-13,0.0225551966577768
Tout_C,Early,9,17,-20,-12,0.0228459984064102
Tout_C,Early,9,18,-20,-11,0.0232260674238204
Tout_C,Early,9,19,-20,-10,0.0237318780273199
Tout_C,Early,9,20,-20,-9,0.0244165789335966
Tout_C,Early,9,21,-20,-8,0.0253614466637372
Tout_C,Early,9,22,-20,-7,0.0266977902501821
Tout_C,Early,9,23,-20,-6,0.0286508295685052
Tout_C,Early,9,24,-20,-5,0.0316328220069408
Tout_C,Early,9,25,-20,-4,0.0364576764404773
Tout_C,Early,9,26,-20,-3,0.0448793433606624
Tout_C,Early,9,27,-20,-2,0.0610945187509059
Tout_C,Early,9,28,-20,-1,0.0964872986078262
Tout_C,Early,9,29,-20,0,0.1869033426046371
Tout_C,Early,10,0,-19,-29,0.0226570144295692
Tout_C,Early,10,1,-19,-28,0.0216898955404758
Tout_C,Early,10,2,-19,-27,0.0211911872029304
Tout_C,Early,10,3,-19,-26,0.0209731869399547
Tout_C,Early,10,4,-19,-25,0.0209230985492467
Tout_C,Early,10,5,-19,-24,0.0209705606102943
Tout_C,Early,10,6,-19,-23,0.0210710875689983
Tout_C,Early,10,7,-19,-22,0.0211969036608934
Tout_C,Early,10,8,-19,-21,0.0213315486907959
Tout_C,Early,10,9,-19,-20,0.0214662179350852
Tout_C,Early,10,10,-19,-19,0.0215976107865571
Tout_C,Early,10,11,-19,-18,0.0217265635728836
Tout_C,Early,10,12,-19,-17,0.0218569282442331
Tout_C,Early,10,13,-19,-16,0.0219951812177896
Tout_C,Early,10,14,-19,-15,0.0221503674983978
Tout_C,Early,10,15,-19,-14,0.02233412489295
Tout_C,Early,10,16,-19,-13,0.0225614346563816
Tout_C,Early,10,17,-19,-12,0.0228518396615982
Tout_C,Early,10,18,-19,-11,0.0232315324246883
Tout_C,Early,10,19,-19,-10,0.0237369760870933
Tout_C,Early,10,20,-19,-9,0.0244212634861469
Tout_C,Early,10,21,-19,-8,0.025365687906742
Tout_C,Early,10,22,-19,-7,0.0267015304416418
Tout_C,Early,10,23,-19,-6,0.0286538414657115
Tout_C,Early,10,24,-19,-5,0.0316347405314445
Tout_C,Early,10,25,-19,-4,0.0364576689898967
Tout_C,Early,10,26,-19,-3,0.0448755584657192
Tout_C,Early,10,27,-19,-2,0.0610826909542083
Tout_C,Early,10,28,-19,-1,0.0964577123522758
Tout_C,Early,10,29,-19,0,0.1868360191583633
Tout_C,Early,11,0,-18,-29,0.0226420760154724
Tout_C,Early,11,1,-18,-28,0.0216864980757236
Tout_C,Early,11,2,-18,-27,0.0211947113275527
Tout_C,Early,11,3,-18,-26,0.0209809988737106
Tout_C,Early,11,4,-18,-25,0.0209336280822753
Tout_C,Early,11,5,-18,-24,0.0209828000515699
Tout_C,Early,11,6,-18,-23,0.0210843961685895
Tout_C,Early,11,7,-18,-22,0.0212108604609966
Tout_C,Early,11,8,-18,-21,0.0213458444923162
Tout_C,Early,11,9,-18,-20,0.021480618044734
Tout_C,Early,11,10,-18,-19,0.0216120239347219
Tout_C,Early,11,11,-18,-18,0.0217408724129199
Tout_C,Early,11,12,-18,-17,0.0218710657209157
Tout_C,Early,11,13,-18,-16,0.0220091715455055
Tout_C,Early,11,14,-18,-15,0.0221641846001148
Tout_C,Early,11,15,-18,-14,0.0223477762192487
Tout_C,Early,11,16,-18,-13,0.0225749928504228
Tout_C,Early,11,17,-18,-12,0.0228653438389301
Tout_C,Early,11,18,-18,-11,0.0232450831681489
Tout_C,Early,11,19,-18,-10,0.0237507168203592
Tout_C,Early,11,20,-18,-9,0.0244353413581848
Tout_C,Early,11,21,-18,-8,0.0253803450614213
Tout_C,Early,11,22,-18,-7,0.0267170183360576
Tout_C,Early,11,23,-18,-6,0.0286705065518617
Tout_C,Early,11,24,-18,-5,0.0316527672111988
Tout_C,Early,11,25,-18,-4,0.0364766381680965
Tout_C,Early,11,26,-18,-3,0.0448927246034145
Tout_C,Early,11,27,-18,-2,0.0610871501266956
Tout_C,Early,11,28,-18,-1,0.0964069887995719
Tout_C,Early,11,29,-18,0,0.1865569651126861
Tout_C,Early,12,0,-17,-29,0.0226278621703386
Tout_C,Early,12,1,-17,-28,0.0216849632561206
Tout_C,Early,12,2,-17,-27,0.0212007723748683
Tout_C,Early,12,3,-17,-26,0.0209918022155761
Tout_C,Early,12,4,-17,-25,0.0209475196897983
Tout_C,Early,12,5,-17,-24,0.0209987014532089
Tout_C,Early,12,6,-17,-23,0.0211016088724136
Tout_C,Early,12,7,-17,-22,0.0212289355695247
Tout_C,Early,12,8,-17,-21,0.0213644299656152
Tout_C,Early,12,9,-17,-20,0.0214995015412569
Tout_C,Early,12,10,-17,-19,0.0216310378164052
Tout_C,Early,12,11,-17,-18,0.0217599105089902
Tout_C,Early,12,12,-17,-17,0.021890103816986
Tout_C,Early,12,13,-17,-16,0.0220281668007373
Tout_C,Early,12,14,-17,-15,0.0221831407397985
Tout_C,Early,12,15,-17,-14,0.0223667882382869
Tout_C,Early,12,16,-17,-13,0.022594092413783
Tout_C,Early,12,17,-17,-12,0.02288468927145
Tout_C,Early,12,18,-17,-11,0.023264842107892
Tout_C,Early,12,19,-17,-10,0.0237710885703563
Tout_C,Early,12,20,-17,-9,0.0244567170739173
Tout_C,Early,12,21,-17,-8,0.0254031550139188
Tout_C,Early,12,22,-17,-7,0.0267418753355741
Tout_C,Early,12,23,-17,-6,0.0286981128156185
Tout_C,Early,12,24,-17,-5,0.0316838696599006
Tout_C,Early,12,25,-17,-4,0.0365112349390983
Tout_C,Early,12,26,-17,-3,0.044927679002285
Tout_C,Early,12,27,-17,-2,0.0611060746014118
Tout_C,Early,12,28,-17,-1,0.0963415578007698
Tout_C,Early,12,29,-17,0,0.1861096918582916
Tout_C,Early,13,0,-16,-29,0.0226139705628156
Tout_C,Early,13,1,-16,-28,0.0216846987605094
Tout_C,Early,13,2,-16,-27,0.0212087128311395
Tout_C,Early,13,3,-16,-26,0.0210049543529748
Tout_C,Early,13,4,-16,-25,0.0209640692919492
Tout_C,Early,13,5,-16,-24,0.0210175327956676
Tout_C,Early,13,6,-16,-23,0.0211219917982816
Tout_C,Early,13,7,-16,-22,0.0212503597140312
Tout_C,Early,13,8,-16,-21,0.021386532112956
Tout_C,Early,13,9,-16,-20,0.0215220488607883
Tout_C,Early,13,10,-16,-19,0.0216538589447736
Tout_C,Early,13,11,-16,-18,0.0217828918248415
Tout_C,Early,13,12,-16,-17,0.0219131708145141
Tout_C,Early,13,13,-16,-16,0.0220513250678777
Tout_C,Early,13,14,-16,-15,0.0222064349800348
Tout_C,Early,13,15,-16,-14,0.0223902519792318
Tout_C,Early,13,16,-16,-13,0.0226178392767906
Tout_C,Early,13,17,-16,-12,0.0229089073836803
Tout_C,Early,13,18,-16,-11,0.0232897568494081
Tout_C,Early,13,19,-16,-10,0.0237970780581235
Tout_C,Early,13,20,-16,-9,0.0244842357933521
Tout_C,Early,13,21,-16,-8,0.0254328567534685
Tout_C,Early,13,22,-16,-7,0.0267746727913618
Tout_C,Early,13,23,-16,-6,0.0287351552397012
Tout_C,Early,13,24,-16,-5,0.0317263528704643
Tout_C,Early,13,25,-16,-4,0.0365596450865268
Tout_C,Early,13,26,-16,-3,0.0449783056974411
Tout_C,Early,13,27,-16,-2,0.0611383467912673
Tout_C,Early,13,28,-16,-1,0.0962648391723632
Tout_C,Early,13,29,-16,0,0.1855192333459854
Tout_C,Early,14,0,-15,-29,0.0226000547409057
Tout_C,Early,14,1,-15,-28,0.0216854643076658
Tout_C,Early,14,2,-15,-27,0.021218329668045
Tout_C,Early,14,3,-15,-26,0.0210202187299728
Tout_C,Early,14,4,-15,-25,0.0209830775856971
Tout_C,Early,14,5,-15,-24,0.0210391115397214
Tout_C,Early,14,6,-15,-23,0.0211453549563884
Tout_C,Early,14,7,-15,-22,0.0212749429047107
Tout_C,Early,14,8,-15,-21,0.0214119758456945
Tout_C,Early,14,9,-15,-20,0.0215480532497167
Tout_C,Early,14,10,-15,-19,0.0216802712529897
Tout_C,Early,14,11,-15,-18,0.0218095816671848
Tout_C,Early,14,12,-15,-17,0.0219400618225336
Tout_C,Early,14,13,-15,-16,0.0220784191042184
Tout_C,Early,14,14,-15,-15,0.0222337357699871
Tout_C,Early,14,15,-15,-14,0.0224178619682788
Tout_C,Early,14,16,-15,-13,0.0226459465920925
Tout_C,Early,14,17,-15,-12,0.0229376684874296
Tout_C,Early,14,18,-15,-11,0.0233195275068283
Tout_C,Early,14,19,-15,-10,0.0238282810896635
Tout_C,Early,14,20,-15,-9,0.0245174951851367
Tout_C,Early,14,21,-15,-8,0.0254690423607826
Tout_C,Early,14,22,-15,-7,0.0268149506300687
Tout_C,Early,14,23,-15,-6,0.0287810489535331
Tout_C,Early,14,24,-15,-5,0.031779509037733
Tout_C,Early,14,25,-15,-4,0.0366209112107753
Tout_C,Early,14,26,-15,-3,0.0450436919927597
Tout_C,Early,14,27,-15,-2,0.061183113604784
Tout_C,Early,14,28,-15,-1,0.0961771383881568
Tout_C,Early,14,29,-15,0,0.1847951561212539
Tout_C,Early,15,0,-14,-29,0.0225858874619007
Tout_C,Early,15,1,-14,-28,0.0216872040182352
Tout_C,Early,15,2,-14,-27,0.0212296992540359
Tout_C,Early,15,3,-14,-26,0.0210377611219882
Tout_C,Early,15,4,-14,-25,0.0210047699511051
Tout_C,Early,15,5,-14,-24,0.0210636816918849
Tout_C,Early,15,6,-14,-23,0.021171934902668
Tout_C,Early,15,7,-14,-22,0.0213029664009809
Tout_C,Early,15,8,-14,-21,0.0214409977197647
Tout_C,Early,15,9,-14,-20,0.0215778239071369
Tout_C,Early,15,10,-14,-19,0.0217105280607938
Tout_C,Early,15,11,-14,-18,0.0218402259051799
Tout_C,Early,15,12,-14,-17,0.0219710357487201
Tout_C,Early,15,13,-14,-16,0.0221096817404031
Tout_C,Early,15,14,-14,-15,0.0222653448581695
Tout_C,Early,15,15,-14,-14,0.0224499218165874
Tout_C,Early,15,16,-14,-13,0.0226786155253648
Tout_C,Early,15,17,-14,-12,0.0229712501168251
Tout_C,Early,15,18,-14,-11,0.0233543887734413
Tout_C,Early,15,19,-14,-10,0.0238649807870388
Tout_C,Early,15,20,-14,-9,0.0245567616075277
Tout_C,Early,15,21,-14,-8,0.0255119632929563
Tout_C,Early,15,22,-14,-7,0.0268629658967256
Tout_C,Early,15,23,-14,-6,0.0288360156118869
Tout_C,Early,15,24,-14,-5,0.0318435654044151
Tout_C,Early,15,25,-14,-4,0.036695297807455
Tout_C,Early,15,26,-14,-3,0.0451238639652729
Tout_C,Early,15,27,-14,-2,0.06123973056674
Tout_C,Early,15,28,-14,-1,0.096076913177967
Tout_C,Early,15,29,-14,0,0.1839341223239898
Tout_C,Early,16,0,-13,-29,0.0225712731480598
Tout_C,Early,16,1,-13,-28,0.0216901004314422
Tout_C,Early,16,2,-13,-27,0.021243218332529
Tout_C,Early,16,3,-13,-26,0.0210581049323081
Tout_C,Early,16,4,-13,-25,0.0210297517478466
Tout_C,Early,16,5,-13,-24,0.0210918970406055
Tout_C,Early,16,6,-13,-23,0.0212024319916963
Tout_C,Early,16,7,-13,-22,0.0213351063430309
Tout_C,Early,16,8,-13,-21,0.0214743483811616
Tout_C,Early,16,9,-13,-20,0.0216120332479476
Tout_C,Early,16,10,-13,-19,0.0217453856021165
Tout_C,Early,16,11,-13,-18,0.0218755695968866
Tout_C,Early,16,12,-13,-17,0.0220067724585533
Tout_C,Early,16,13,-13,-16,0.0221458543092012
Tout_C,Early,16,14,-13,-15,0.0223019868135452
Tout_C,Early,16,15,-13,-14,0.0224871635437011
Tout_C,Early,16,16,-13,-13,0.0227166730910539
Tout_C,Early,16,17,-13,-12,0.0230104327201843
Tout_C,Early,16,18,-13,-11,0.0233951620757579
Tout_C,Early,16,19,-13,-10,0.0239079557359218
Tout_C,Early,16,20,-13,-9,0.0246029030531644
Tout_C,Early,16,21,-13,-8,0.0255624968558549
Tout_C,Early,16,22,-13,-7,0.0269196406006813
Tout_C,Early,16,23,-13,-6,0.0289010908454656
Tout_C,Early,16,24,-13,-5,0.0319195874035358
Tout_C,Early,16,25,-13,-4,0.0367837212979793
Tout_C,Early,16,26,-13,-3,0.0452194474637508
Tout_C,Early,16,27,-13,-2,0.0613080747425556
Tout_C,Early,16,28,-13,-1,0.0959606021642685
Tout_C,Early,16,29,-13,0,0.1829212605953216
Tout_C,Early,17,0,-12,-29,0.0225561782717704
Tout_C,Early,17,1,-12,-28,0.0216945819556713
Tout_C,Early,17,2,-12,-27,0.0212595872581005
Tout_C,Early,17,3,-12,-26,0.021082179620862
Tout_C,Early,17,4,-12,-25,0.0210590232163667
Tout_C,Early,17,5,-12,-24,0.0211247783154249
Tout_C,Early,17,6,-12,-23,0.0212379451841115
Tout_C,Early,17,7,-12,-22,0.0213725063949823
Tout_C,Early,17,8,-12,-21,0.021513121202588
Tout_C,Early,17,9,-12,-20,0.0216518193483352
Tout_C,Early,17,10,-12,-19,0.0217859596014022
Tout_C,Early,17,11,-12,-18,0.0219167657196521
Tout_C,Early,17,12,-12,-17,0.022048519924283
Tout_C,Early,17,13,-12,-16,0.0221881140023469
Tout_C,Early,17,14,-12,-15,0.0223448686301708
Tout_C,Early,17,15,-12,-14,0.0225307829678058
Tout_C,Early,17,16,-12,-13,0.0227613132447004
Tout_C,Early,17,17,-12,-12,0.0230564698576927
Tout_C,Early,17,18,-12,-11,0.0234430991113185
Tout_C,Early,17,19,-12,-10,0.0239586140960454
Tout_C,Early,17,20,-12,-9,0.0246573258191347
Tout_C,Early,17,21,-12,-8,0.0256221797317266
Tout_C,Early,17,22,-12,-7,0.0269866045564413
Tout_C,Early,17,23,-12,-6,0.028977945446968
Tout_C,Early,17,24,-12,-5,0.0320093445479869
Tout_C,Early,17,25,-12,-4,0.0368880070745945
Tout_C,Early,17,26,-12,-3,0.0453318729996681
Tout_C,Early,17,27,-12,-2,0.061387687921524
Tout_C,Early,17,28,-12,-1,0.0958220437169075
Tout_C,Early,17,29,-12,0,0.1817307770252227
Tout_C,Early,18,0,-11,-29,0.0225406158715486
Tout_C,Early,18,1,-11,-28,0.0217013079673051
Tout_C,Early,18,2,-11,-27,0.0212798714637756
Tout_C,Early,18,3,-11,-26,0.0211111977696418
Tout_C,Early,18,4,-11,-25,0.0210939683020114
Tout_C,Early,18,5,-11,-24,0.0211638808250427
Tout_C,Early,18,6,-11,-23,0.0212800130248069
Tout_C,Early,18,7,-11,-22,0.0214167386293411
Tout_C,Early,18,8,-11,-21,0.0215589422732591
Tout_C,Early,18,9,-11,-20,0.0216988548636436
Tout_C,Early,18,10,-11,-19,0.0218339096754789
Tout_C,Early,18,11,-11,-18,0.0219654589891433
Tout_C,Early,18,12,-11,-17,0.0220979042351245
Tout_C,Early,18,13,-11,-16,0.022238191217184
Tout_C,Early,18,14,-11,-15,0.0223957002162933
Tout_C,Early,18,15,-11,-14,0.0225825905799865
Tout_C,Early,18,16,-11,-13,0.0228143520653247
Tout_C,Early,18,17,-11,-12,0.0231112074106931
Tout_C,Early,18,18,-11,-11,0.0235001891851425
Tout_C,Early,18,19,-11,-10,0.024018932133913
Tout_C,Early,18,20,-11,-9,0.0247221179306507
Tout_C,Early,18,21,-11,-8,0.0256931856274604
Tout_C,Early,18,22,-11,-7,0.0270661506801843
Tout_C,Early,18,23,-11,-6,0.0290690883994102
Tout_C,Early,18,24,-11,-5,0.032115388661623
Tout_C,Early,18,25,-11,-4,0.0370106399059295
Tout_C,Early,18,26,-11,-3,0.0454630367457866
Tout_C,Early,18,27,-11,-2,0.061478205025196
Tout_C,Early,18,28,-11,-1,0.0956526324152946
Tout_C,Early,18,29,-11,0,0.1803255230188369
Tout_C,Early,19,0,-10,-29,0.0225248020142316
Tout_C,Early,19,1,-10,-28,0.0217112749814987
Tout_C,Early,19,2,-10,-27,0.0213054828345775
Tout_C,Early,19,3,-10,-26,0.0211469288915395
Tout_C,Early,19,4,-10,-25,0.0211364906281232
Tout_C,Early,19,5,-10,-24,0.0212111715227365
Tout_C,Early,19,6,-10,-23,0.0213306881487369
Tout_C,Early,19,7,-10,-22,0.0214699190109968
Tout_C,Early,19,8,-10,-21,0.0216139666736125
Tout_C,Early,19,9,-10,-20,0.0217552781105041
Tout_C,Early,19,10,-10,-19,0.0218914244323968
Tout_C,Early,19,11,-10,-18,0.0220238920301198
Tout_C,Early,19,12,-10,-17,0.0221571773290634
Tout_C,Early,19,13,-10,-16,0.0222983043640851
Tout_C,Early,19,14,-10,-15,0.0224568098783493
Tout_C,Early,19,15,-10,-14,0.0226448811590671
Tout_C,Early,19,16,-10,-13,0.0228782147169113
Tout_C,Early,19,17,-10,-12,0.0231771543622016
Tout_C,Early,19,18,-10,-11,0.0235689412802457
Tout_C,Early,19,19,-10,-10,0.0240915399044752
Tout_C,Early,19,20,-10,-9,0.0248000398278236
Tout_C,Early,19,21,-10,-8,0.0257783848792314
Tout_C,Early,19,22,-10,-7,0.0271613653749227
Tout_C,Early,19,23,-10,-6,0.0291777271777391
Tout_C,Early,19,24,-10,-5,0.0322411321103572
Tout_C,Early,19,25,-10,-4,0.0371549017727375
Tout_C,Early,19,26,-10,-3,0.0456152483820915
Tout_C,Early,19,27,-10,-2,0.0615783482789993
Tout_C,Early,19,28,-10,-1,0.0954402908682823
Tout_C,Early,19,29,-10,0,0.1786580830812454
Tout_C,Early,20,0,-9,-29,0.0225092396140098
Tout_C,Early,20,1,-9,-28,0.0217258185148239
Tout_C,Early,20,2,-9,-27,0.0213383771479129
Tout_C,Early,20,3,-9,-26,0.021191606298089
Tout_C,Early,20,4,-9,-25,0.0211891140788793
Tout_C,Early,20,5,-9,-24,0.0212692804634571
Tout_C,Early,20,6,-9,-23,0.0213927552103996
Tout_C,Early,20,7,-9,-22,0.0215348172932863
Tout_C,Early,20,8,-9,-21,0.0216809883713722
Tout_C,Early,20,9,-9,-20,0.0218239147216081
Tout_C,Early,20,10,-9,-19,0.0219613630324602
Tout_C,Early,20,11,-9,-18,0.022094951942563
Tout_C,Early,20,12,-9,-17,0.0222292784601449
Tout_C,Early,20,13,-9,-16,0.0223714746534824
Tout_C,Early,20,14,-9,-15,0.0225311964750289
Tout_C,Early,20,15,-9,-14,0.0227208044379949
Tout_C,Early,20,16,-9,-13,0.0229560434818267
Tout_C,Early,20,17,-9,-12,0.0232575070112943
Tout_C,Early,20,18,-9,-11,0.0236527174711227
Tout_C,Early,20,19,-9,-10,0.0241799261420965
Tout_C,Early,20,20,-9,-9,0.0248947124928236
Tout_C,Early,20,21,-9,-8,0.0258816629648208
Tout_C,Early,20,22,-9,-7,0.0272762682288885
Tout_C,Early,20,23,-9,-6,0.0293080657720565
Tout_C,Early,20,24,-9,-5,0.0323907844722271
Tout_C,Early,20,25,-9,-4,0.0373246222734451
Tout_C,Early,20,26,-9,-3,0.0457908175885677
Tout_C,Early,20,27,-9,-2,0.0616860315203666
Tout_C,Early,20,28,-9,-1,0.0951683074235916
Tout_C,Early,20,29,-9,0,0.1766675859689712
Tout_C,Early,21,0,-8,-29,0.0224948264658451
Tout_C,Early,21,1,-8,-28,0.0217469688504934
Tout_C,Early,21,2,-8,-27,0.0213811639696359
Tout_C,Early,21,3,-8,-26,0.0212482921779155
Tout_C,Early,21,4,-8,-25,0.0212550777941942
Tout_C,Early,21,5,-8,-24,0.0213416777551174
Tout_C,Early,21,6,-8,-23,0.0214696731418371
Tout_C,Early,21,7,-8,-22,0.0216150376945734
Tout_C,Early,21,8,-8,-21,0.0217636805027723
Tout_C,Early,21,9,-8,-20,0.0219085067510604
Tout_C,Early,21,10,-8,-19,0.0220474936068058
Tout_C,Early,21,11,-8,-18,0.0221824329346418
Tout_C,Early,21,12,-8,-17,0.0223180558532476
Tout_C,Early,21,13,-8,-16,0.0224616322666406
Tout_C,Early,21,14,-8,-15,0.0226228907704353
Tout_C,Early,21,15,-8,-14,0.0228143408894538
Tout_C,Early,21,16,-8,-13,0.0230519901961088
Tout_C,Early,21,17,-8,-12,0.0233565811067819
Tout_C,Early,21,18,-8,-11,0.0237559042870998
Tout_C,Early,21,19,-8,-10,0.0242886263877153
Tout_C,Early,21,20,-8,-9,0.0250108819454908
Tout_C,Early,21,21,-8,-8,0.0260078590363264
Tout_C,Early,21,22,-8,-7,0.027415944263339
Tout_C,Early,21,23,-8,-6,0.0294653624296188
Tout_C,Early,21,24,-8,-5,0.0325695164501667
Tout_C,Early,21,25,-8,-4,0.0375243909657001
Tout_C,Early,21,26,-8,-3,0.0459921397268772
Tout_C,Early,21,27,-8,-2,0.0617968812584877
Tout_C,Early,21,28,-8,-1,0.0948141515254974
Tout_C,Early,21,29,-8,0,0.1742780804634094
Tout_C,Early,22,0,-7,-29,0.0224831234663724
Tout_C,Early,22,1,-7,-28,0.0217774957418441
Tout_C,Early,22,2,-7,-27,0.0214374549686908
Tout_C,Early,22,3,-7,-26,0.021321041509509
Tout_C,Early,22,4,-7,-25,0.0213387981057167
Tout_C,Early,22,5,-7,-24,0.0214328803122043
Tout_C,Early,22,6,-7,-23,0.0215661879628896
Tout_C,Early,22,7,-7,-22,0.0217153877019882
Tout_C,Early,22,8,-7,-21,0.0218668952584266
Tout_C,Early,22,9,-7,-20,0.0220139436423778
Tout_C,Early,22,10,-7,-19,0.0221547912806272
Tout_C,Early,22,11,-7,-18,0.0222913790494203
Tout_C,Early,22,12,-7,-17,0.022428585216403
Tout_C,Early,22,13,-7,-16,0.0225738510489463
Tout_C,Early,22,14,-7,-15,0.0227370765060186
Tout_C,Early,22,15,-7,-14,0.0229309070855379
Tout_C,Early,22,16,-7,-13,0.0231715217232704
Tout_C,Early,22,17,-7,-12,0.0234799273312091
Tout_C,Early,22,18,-7,-11,0.023884268477559
Tout_C,Early,22,19,-7,-10,0.0244236215949058
Tout_C,Early,22,20,-7,-9,0.0251546688377857
Tout_C,Early,22,21,-7,-8,0.0261634420603513
Tout_C,Early,22,22,-7,-7,0.0275870077311992
Tout_C,Early,22,23,-7,-6,0.029656246304512
Tout_C,Early,22,24,-7,-5,0.0327837392687797
Tout_C,Early,22,25,-7,-4,0.0377593412995338
Tout_C,Early,22,26,-7,-3,0.0462209209799766
Tout_C,Early,22,27,-7,-2,0.0619035214185714
Tout_C,Early,22,28,-7,-1,0.094346284866333
Tout_C,Early,22,29,-7,0,0.1713955998420715
Tout_C,Early,23,0,-6,-29,0.0224767830222845
Tout_C,Early,23,1,-6,-28,0.0218215025961399
Tout_C,Early,23,2,-6,-27,0.0215122457593679
Tout_C,Early,23,3,-6,-26,0.0214154943823814
Tout_C,Early,23,4,-6,-25,0.0214462354779243
Tout_C,Early,23,5,-6,-24,0.0215492118149995
Tout_C,Early,23,6,-6,-23,0.0216886773705482
Tout_C,Early,23,7,-6,-22,0.0218423381447792
Tout_C,Early,23,8,-6,-21,0.0219971910119056
Tout_C,Early,23,9,-6,-20,0.0221468545496463
Tout_C,Early,23,10,-6,-19,0.0222899131476879
Tout_C,Early,23,11,-6,-18,0.0224285069853067
Tout_C,Early,23,12,-6,-17,0.022567730396986
Tout_C,Early,23,13,-6,-16,0.02271518856287
Tout_C,Early,23,14,-6,-15,0.0228808727115392
Tout_C,Early,23,15,-6,-14,0.0230777096003294
Tout_C,Early,23,16,-6,-13,0.0233220439404249
Tout_C,Early,23,17,-6,-12,0.0236351545900106
Tout_C,Early,23,18,-6,-11,0.0240455977618694
Tout_C,Early,23,19,-6,-10,0.0245929062366485
Tout_C,Early,23,20,-6,-9,0.0253344029188156
Tout_C,Early,23,21,-6,-8,0.0263568237423896
Tout_C,Early,23,22,-6,-7,0.0277980491518974
Tout_C,Early,23,23,-6,-6,0.0298892185091972
Tout_C,Early,23,24,-6,-5,0.0330412350594997
Tout_C,Early,23,25,-6,-4,0.0380352735519409
Tout_C,Early,23,26,-6,-3,0.0464776940643787
Tout_C,Early,23,27,-6,-2,0.0619935505092144
Tout_C,Early,23,28,-6,-1,0.0937212109565734
Tout_C,Early,23,29,-6,0,0.1679003089666366
Tout_C,Early,24,0,-5,-29,0.0224802065640687
Tout_C,Early,24,1,-5,-28,0.0218850839883089
Tout_C,Early,24,2,-5,-27,0.0216127540916204
Tout_C,Early,24,3,-5,-26,0.0215395856648683
Tout_C,Early,24,4,-5,-25,0.0215858351439237
Tout_C,Early,24,5,-5,-24,0.0216992888599634
Tout_C,Early,24,6,-5,-23,0.0218460690230131
Tout_C,Early,24,7,-5,-22,0.0220049526542425
Tout_C,Early,24,8,-5,-21,0.0221637096256017
Tout_C,Early,24,9,-5,-20,0.0223165061324834
Tout_C,Early,24,10,-5,-19,0.0224622096866369
Tout_C,Early,24,11,-5,-18,0.0226033143699169
Tout_C,Early,24,12,-5,-17,0.0227450877428054
Tout_C,Early,24,13,-5,-16,0.022895285859704
Tout_C,Early,24,14,-5,-15,0.0230641718953847
Tout_C,Early,24,15,-5,-14,0.0232648067176342
Tout_C,Early,24,16,-5,-13,0.0235137976706028
Tout_C,Early,24,17,-5,-12,0.0238327924162149
Tout_C,Early,24,18,-5,-11,0.0242506582289934
Tout_C,Early,24,19,-5,-10,0.0248075146228075
Tout_C,Early,24,20,-5,-9,0.0255612935870885
Tout_C,Early,24,21,-5,-8,0.0265994779765605
Tout_C,Early,24,22,-5,-7,0.0280605442821979
Tout_C,Early,24,23,-5,-6,0.0301754064857959
Tout_C,Early,24,24,-5,-5,0.0333518423140049
Tout_C,Early,24,25,-5,-4,0.0383586138486862
Tout_C,Early,24,26,-5,-3,0.0467609465122222
Tout_C,Early,24,27,-5,-2,0.0620471909642219
Tout_C,Early,24,28,-5,-1,0.092876560986042
Tout_C,Early,24,29,-5,0,0.1636344939470291
Tout_C,Early,25,0,-4,-29,0.0225007534027099
Tout_C,Early,25,1,-4,-28,0.0219777375459671
Tout_C,Early,25,2,-4,-27,0.0217498317360878
Tout_C,Early,25,3,-4,-26,0.0217050071805715
Tout_C,Early,25,4,-4,-25,0.0217698272317647
Tout_C,Early,25,5,-4,-24,0.0218957792967557
Tout_C,Early,25,6,-4,-23,0.02205116674304
Tout_C,Early,25,7,-4,-22,0.0222162399441003
Tout_C,Early,25,8,-4,-21,0.022379633039236
Tout_C,Early,25,9,-4,-20,0.0225361716002225
Tout_C,Early,25,10,-4,-19,0.0226851794868707
Tout_C,Early,25,11,-4,-18,0.0228294115513563
Tout_C,Early,25,12,-4,-17,0.022974420338869
Tout_C,Early,25,13,-4,-16,0.0231281947344541
Tout_C,Early,25,14,-4,-15,0.0233011655509471
Tout_C,Early,25,15,-4,-14,0.0235066730529069
Tout_C,Early,25,16,-4,-13,0.0237615779042243
Tout_C,Early,25,17,-4,-12,0.0240878406912088
Tout_C,Early,25,18,-4,-11,0.024514814838767
Tout_C,Early,25,19,-4,-10,0.0250830743461847
Tout_C,Early,25,20,-4,-9,0.0258512794971466
Tout_C,Early,25,21,-4,-8,0.0269074719399213
Tout_C,Early,25,22,-4,-7,0.0283903665840625
Tout_C,Early,25,23,-4,-6,0.0305297337472438
Tout_C,Early,25,24,-4,-5,0.0337279289960861
Tout_C,Early,25,25,-4,-4,0.0387362241744995
Tout_C,Early,25,26,-4,-3,0.0470652021467685
Tout_C,Early,25,27,-4,-2,0.0620321743190288
Tout_C,Early,25,28,-4,-1,0.0917218551039695
Tout_C,Early,25,29,-4,0,0.1583833694458007
Tout_C,Early,26,0,-3,-29,0.0225511528551578
Tout_C,Early,26,1,-3,-28,0.0221145842224359
Tout_C,Early,26,2,-3,-27,0.0219402536749839
Tout_C,Early,26,3,-3,-26,0.0219296533614397
Tout_C,Early,26,4,-3,-25,0.0220168661326169
Tout_C,Early,26,5,-3,-24,0.0221577696502208
Tout_C,Early,26,6,-3,-23,0.0223234482109546
Tout_C,Early,26,7,-3,-22,0.0224958378821611
Tout_C,Early,26,8,-3,-21,0.0226648151874542
Tout_C,Early,26,9,-3,-20,0.0228259060531854
Tout_C,Early,26,10,-3,-19,0.0229789782315492
Tout_C,Early,26,11,-3,-18,0.0231272019445896
Tout_C,Early,26,12,-3,-17,0.0232764054089784
Tout_C,Early,26,13,-3,-16,0.0234348103404045
Tout_C,Early,26,14,-3,-15,0.0236131325364112
Tout_C,Early,26,15,-3,-14,0.0238248836249113
Tout_C,Early,26,16,-3,-13,0.024087281897664
Tout_C,Early,26,17,-3,-12,0.0244226455688476
Tout_C,Early,26,18,-3,-11,0.0248606894165277
Tout_C,Early,26,19,-3,-10,0.0254426375031471
Tout_C,Early,26,20,-3,-9,0.0262275300920009
Tout_C,Early,26,21,-3,-8,0.0273037739098072
Tout_C,Early,26,22,-3,-7,0.0288096647709608
Tout_C,Early,26,23,-3,-6,0.0309722851961851
Tout_C,Early,26,24,-3,-5,0.0341852307319641
Tout_C,Early,26,25,-3,-4,0.039174199104309
Tout_C,Early,26,26,-3,-3,0.0473771728575229
Tout_C,Early,26,27,-3,-2,0.0618951916694641
Tout_C,Early,26,28,-3,-1,0.0901205763220787
Tout_C,Early,26,29,-3,0,0.1518455296754837
Tout_C,Early,27,0,-2,-29,0.0226538740098476
Tout_C,Early,27,1,-2,-28,0.0223209392279386
Tout_C,Early,27,2,-2,-27,0.0222113262861967
Tout_C,Early,27,3,-2,-26,0.022242110222578
Tout_C,Early,27,4,-2,-25,0.0223563592880964
Tout_C,Early,27,5,-2,-24,0.0225152466446161
Tout_C,Early,27,6,-2,-23,0.0226932428777217
Tout_C,Early,27,7,-2,-22,0.0228744763880968
Tout_C,Early,27,8,-2,-21,0.0230501480400562
Tout_C,Early,27,9,-2,-20,0.0232168324291706
Tout_C,Early,27,10,-2,-19,0.0233750399202108
Tout_C,Early,27,11,-2,-18,0.0235283616930246
Tout_C,Early,27,12,-2,-17,0.0236830357462167
Tout_C,Early,27,13,-2,-16,0.0238474979996681
Tout_C,Early,27,14,-2,-15,0.0240327659994363
Tout_C,Early,27,15,-2,-14,0.024252587929368
Tout_C,Early,27,16,-2,-13,0.0245244745165109
Tout_C,Early,27,17,-2,-12,0.0248710997402668
Tout_C,Early,27,18,-2,-11,0.0253225769847631
Tout_C,Early,27,19,-2,-10,0.0259204842150211
Tout_C,Early,27,20,-2,-9,0.026724113151431
Tout_C,Early,27,21,-2,-8,0.0278216022998094
Tout_C,Early,27,22,-2,-7,0.0293495524674654
Tout_C,Early,27,23,-2,-6,0.0315297730267047
Tout_C,Early,27,24,-2,-5,0.0347417593002319
Tout_C,Early,27,25,-2,-4,0.0396741889417171
Tout_C,Early,27,26,-2,-3,0.0476664789021015
Tout_C,Early,27,27,-2,-2,0.0615441277623176
Tout_C,Early,27,28,-2,-1,0.0878622531890869
Tout_C,Early,27,29,-2,0,0.1435936093330383
Tout_C,Early,28,0,-1,-29,0.0228500720113515
Tout_C,Early,28,1,-1,-28,0.0226409379392862
Tout_C,Early,28,2,-1,-27,0.0226092115044593
Tout_C,Early,28,3,-1,-26,0.0226899981498718
Tout_C,Early,28,4,-1,-25,0.0228368043899536
Tout_C,Early,28,5,-1,-24,0.0230173207819461
Tout_C,Early,28,6,-1,-23,0.0232100207358598
Tout_C,Early,28,7,-1,-22,0.0234017837792634
Tout_C,Early,28,8,-1,-21,0.0235855598002672
Tout_C,Early,28,9,-1,-20,0.0237591043114662
Tout_C,Early,28,10,-1,-19,0.0239237416535615
Tout_C,Early,28,11,-1,-18,0.0240836255252361
Tout_C,Early,28,12,-1,-17,0.0242453049868345
Tout_C,Early,28,13,-1,-16,0.0244176164269447
Tout_C,Early,28,14,-1,-15,0.0246117673814296
Tout_C,Early,28,15,-1,-14,0.0248417761176824
Tout_C,Early,28,16,-1,-13,0.0251254197210073
Tout_C,Early,28,17,-1,-12,0.0254855509847402
Tout_C,Early,28,18,-1,-11,0.0259525831788778
Tout_C,Early,28,19,-1,-10,0.0265680905431509
Tout_C,Early,28,20,-1,-9,0.0273909419775009
Tout_C,Early,28,21,-1,-8,0.0285078547894954
Tout_C,Early,28,22,-1,-7,0.0300514604896307
Tout_C,Early,28,23,-1,-6,0.0322340056300163
Tout_C,Early,28,24,-1,-5,0.0354121774435043
Tout_C,Early,28,25,-1,-4,0.0402204319834709
Tout_C,Early,28,26,-1,-3,0.0478638969361782
Tout_C,Early,28,27,-1,-2,0.0608142577111721
Tout_C,Early,28,28,-1,-1,0.0846151039004325
Tout_C,Early,28,29,-1,0,0.1330335140228271
Tout_C,Early,29,0,0,-29,0.0232170522212982
Tout_C,Early,29,1,0,-28,0.0231539402157068
Tout_C,Early,29,2,0,-27,0.0232149008661508
Tout_C,Early,29,3,0,-26,0.0233552251011133
Tout_C,Early,29,4,0,-25,0.0235406588762998
Tout_C,Early,29,5,0,-24,0.0237465463578701
Tout_C,Early,29,6,0,-23,0.0239563714712858
Tout_C,Early,29,7,0,-22,0.024160262197256
Tout_C,Early,29,8,0,-21,0.0243533700704574
Tout_C,Early,29,9,0,-20,0.0245349202305078
Tout_C,Early,29,10,0,-19,0.0247071664780378
Tout_C,Early,29,11,0,-18,0.0248749163001775
Tout_C,Early,29,12,0,-17,0.0250451564788818
Tout_C,Early,29,13,0,-16,0.0252269729971885
Tout_C,Early,29,14,0,-15,0.0254317689687013
Tout_C,Early,29,15,0,-14,0.0256737135350704
Tout_C,Early,29,16,0,-13,0.0259705837816
Tout_C,Early,29,17,0,-12,0.0263452380895614
Tout_C,Early,29,18,0,-11,0.0268278121948242
Tout_C,Early,29,19,0,-10,0.0274590756744146
Tout_C,Early,29,20,0,-9,0.0282962229102849
Tout_C,Early,29,21,0,-8,0.029422078281641
Tout_C,Early,29,22,0,-7,0.0309612341225147
Tout_C,Early,29,23,0,-6,0.0331089384853839
Tout_C,Early,29,24,0,-5,0.036185584962368
Tout_C,Early,29,25,0,-4,0.0407461635768413
Tout_C,Early,29,26,0,-3,0.0478122793138027
Tout_C,Early,29,27,0,-2,0.0594048798084259
Tout_C,Early,29,28,0,-1,0.0798632502555847
Tout_C,Early,29,29,0,0,0.1194037497043609
Tout_C,Late,0,0,-29,-29,0.0290016233921051
Tout_C,Late,0,1,-29,-28,0.0301283672451972
Tout_C,Late,0,2,-29,-27,0.0310488026589155
Tout_C,Late,0,3,-29,-26,0.0317782722413539
Tout_C,Late,0,4,-29,-25,0.0323367565870285
Tout_C,Late,0,5,-29,-24,0.0327469669282436
Tout_C,Late,0,6,-29,-23,0.0330319739878177
Tout_C,Late,0,7,-29,-22,0.0332137048244476
Tout_C,Late,0,8,-29,-21,0.0333120226860046
Tout_C,Late,0,9,-29,-20,0.0333441160619258
Tout_C,Late,0,10,-29,-19,0.0333248898386955
Tout_C,Late,0,11,-29,-18,0.0332667902112007
Tout_C,Late,0,12,-29,-17,0.0331804007291793
Tout_C,Late,0,13,-29,-16,0.0330748595297336
Tout_C,Late,0,14,-29,-15,0.0329583957791328
Tout_C,Late,0,15,-29,-14,0.032838724553585
Tout_C,Late,0,16,-29,-13,0.0327236764132976
Tout_C,Late,0,17,-29,-12,0.0326218158006668
Tout_C,Late,0,18,-29,-11,0.0325427316129207
Tout_C,Late,0,19,-29,-10,0.0324981808662414
Tout_C,Late,0,20,-29,-9,0.0325024984776973
Tout_C,Late,0,21,-29,-8,0.0325740315020084
Tout_C,Late,0,22,-29,-7,0.0327367633581161
Tout_C,Late,0,23,-29,-6,0.033022716641426
Tout_C,Late,0,24,-29,-5,0.0334759838879108
Tout_C,Late,0,25,-29,-4,0.0341591760516166
Tout_C,Late,0,26,-29,-3,0.0351643189787864
Tout_C,Late,0,27,-29,-2,0.0366319045424461
Tout_C,Late,0,28,-29,-1,0.0387831926345825
Tout_C,Late,0,29,-29,0,0.0419762916862964
Tout_C,Late,1,0,-28,-29,0.0285939835011959
Tout_C,Late,1,1,-28,-28,0.0298030469566583
Tout_C,Late,1,2,-28,-27,0.0308008696883916
Tout_C,Late,1,3,-28,-26,0.0315982736647129
Tout_C,Late,1,4,-28,-25,0.0322129540145397
Tout_C,Late,1,5,-28,-24,0.0326669253408908
Tout_C,Late,1,6,-28,-23,0.0329838581383228
Tout_C,Late,1,7,-28,-22,0.0331869423389434
Tout_C,Late,1,8,-28,-21,0.0332975685596466
Tout_C,Late,1,9,-28,-20,0.0333346016705036
Tout_C,Late,1,10,-28,-19,0.033314362168312
Tout_C,Late,1,11,-28,-18,0.0332506634294986
Tout_C,Late,1,12,-28,-17,0.0331553779542446
Tout_C,Late,1,13,-28,-16,0.0330386459827423
Tout_C,Late,1,14,-28,-15,0.0329095870256423
Tout_C,Late,1,15,-28,-14,0.0327768772840499
Tout_C,Late,1,16,-28,-13,0.0326491668820381
Tout_C,Late,1,17,-28,-12,0.032535832375288
Tout_C,Late,1,18,-28,-11,0.0324474908411502
Tout_C,Late,1,19,-28,-10,0.0323969945311546
Tout_C,Late,1,20,-28,-9,0.0324001275002956
Tout_C,Late,1,21,-28,-8,0.0324771888554096
Tout_C,Late,1,22,-28,-7,0.0326545350253582
Tout_C,Late,1,23,-28,-6,0.0329679436981678
Tout_C,Late,1,24,-28,-5,0.0334669239819049
Tout_C,Late,1,25,-28,-4,0.0342227183282375
Tout_C,Late,1,26,-28,-3,0.0353415571153163
Tout_C,Late,1,27,-28,-2,0.0369881615042686
Tout_C,Late,1,28,-28,-1,0.0394276529550552
Tout_C,Late,1,29,-28,0,0.0430990979075431
Tout_C,Late,2,0,-27,-29,0.0283703580498695
Tout_C,Late,2,1,-27,-28,0.029625080525875
Tout_C,Late,2,2,-27,-27,0.0306646078824996
Tout_C,Late,2,3,-27,-26,0.0314980447292327
Tout_C,Late,2,4,-27,-25,0.0321420989930629
Tout_C,Late,2,5,-27,-24,0.0326186530292034
Tout_C,Late,2,6,-27,-23,0.0329518094658851
Tout_C,Late,2,7,-27,-22,0.0331654511392116
Tout_C,Late,2,8,-27,-21,0.0332817882299423
Tout_C,Late,2,9,-27,-20,0.0333206504583358
Tout_C,Late,2,10,-27,-19,0.0332991145551204
Tout_C,Late,2,11,-27,-18,0.0332318358123302
Tout_C,Late,2,12,-27,-17,0.0331313200294971
Tout_C,Late,2,13,-27,-16,0.0330082476139068
Tout_C,Late,2,14,-27,-15,0.0328723117709159
Tout_C,Late,2,15,-27,-14,0.0327326320111751
Tout_C,Late,2,16,-27,-13,0.0325983427464962
Tout_C,Late,2,17,-27,-12,0.0324792899191379
Tout_C,Late,2,18,-27,-11,0.0323866978287696
Tout_C,Late,2,19,-27,-10,0.0323340073227882
Tout_C,Late,2,20,-27,-9,0.0323378071188926
Tout_C,Late,2,21,-27,-8,0.0324193909764289
Tout_C,Late,2,22,-27,-7,0.0326066873967647
Tout_C,Late,2,23,-27,-6,0.0329375080764293
Tout_C,Late,2,24,-27,-5,0.0334645360708236
Tout_C,Late,2,25,-27,-4,0.0342641733586788
Tout_C,Late,2,26,-27,-3,0.0354511849582195
Tout_C,Late,2,27,-27,-2,0.037205196917057
Tout_C,Late,2,28,-27,-1,0.0398186072707176
Tout_C,Late,2,29,-27,0,0.0437825471162796
Tout_C,Late,3,0,-26,-29,0.0282547511160373
Tout_C,Late,3,1,-26,-28,0.0295344293117523
Tout_C,Late,3,2,-26,-27,0.0305952411144971
Tout_C,Late,3,3,-26,-26,0.0314462594687938
Tout_C,Late,3,4,-26,-25,0.0321042388677597
Tout_C,Late,3,5,-26,-24,0.0325911827385425
Tout_C,Late,3,6,-26,-23,0.032931488007307
Tout_C,Late,3,7,-26,-22,0.03314945474267
Tout_C,Late,3,8,-26,-21,0.033267818391323
Tout_C,Late,3,9,-26,-20,0.0333067737519741
Tout_C,Late,3,10,-26,-19,0.0332840159535408
Tout_C,Late,3,11,-26,-18,0.0332144796848297
Tout_C,Late,3,12,-26,-17,0.0331109277904033
Tout_C,Late,3,13,-26,-16,0.0329844765365123
Tout_C,Late,3,14,-26,-15,0.032845064997673
Tout_C,Late,3,15,-26,-14,0.0327019952237606
Tout_C,Late,3,16,-26,-13,0.032564703375101
Tout_C,Late,3,17,-26,-12,0.0324432477355003
Tout_C,Late,3,18,-26,-11,0.032349195331335
Tout_C,Late,3,19,-26,-10,0.0322962552309036
Tout_C,Late,3,20,-26,-9,0.0323015116155147
Tout_C,Late,3,21,-26,-8,0.0323868207633495
Tout_C,Late,3,22,-26,-7,0.0325808487832546
Tout_C,Late,3,23,-26,-6,0.0329225659370422
Tout_C,Late,3,24,-26,-5,0.0334664955735206
Tout_C,Late,3,25,-26,-4,0.0342918038368225
Tout_C,Late,3,26,-26,-3,0.0355180166661739
Tout_C,Late,3,27,-26,-2,0.0373333394527435
Tout_C,Late,3,28,-26,-1,0.0400457754731178
Tout_C,Late,3,29,-26,0,0.0441766828298568
Tout_C,Late,4,0,-25,-29,0.0282021183520555
Tout_C,Late,4,1,-25,-28,0.0294947251677513
Tout_C,Late,4,2,-25,-27,0.0305651538074016
Tout_C,Late,4,3,-25,-26,0.031423307955265
Tout_C,Late,4,4,-25,-25,0.0320864170789718
Tout_C,Late,4,5,-25,-24,0.032576784491539
Tout_C,Late,4,6,-25,-23,0.0329191125929355
Tout_C,Late,4,7,-25,-22,0.0331379994750022
Tout_C,Late,4,8,-25,-21,0.0332563742995262
Tout_C,Late,4,9,-25,-20,0.0332946591079235
Tout_C,Late,4,10,-25,-19,0.0332707576453685
Tout_C,Late,4,11,-25,-18,0.0331997610628604
Tout_C,Late,4,12,-25,-17,0.0330946296453475
Tout_C,Late,4,13,-25,-16,0.0329665578901767
Tout_C,Late,4,14,-25,-15,0.0328256227076053
Tout_C,Late,4,15,-25,-14,0.0326812639832496
Tout_C,Late,4,16,-25,-13,0.0325429588556289
Tout_C,Late,4,17,-25,-12,0.0324210114777088
Tout_C,Late,4,18,-25,-11,0.032326940447092
Tout_C,Late,4,19,-25,-10,0.0322747565805912
Tout_C,Late,4,20,-25,-9,0.032281719148159
Tout_C,Late,4,21,-25,-8,0.0323699563741683
Tout_C,Late,4,22,-25,-7,0.0325685292482376
Tout_C,Late,4,23,-25,-6,0.0329169929027557
Tout_C,Late,4,24,-25,-5,0.0334707275032997
Tout_C,Late,4,25,-25,-4,0.0343103446066379
Tout_C,Late,4,26,-25,-3,0.0355578437447547
Tout_C,Late,4,27,-25,-2,0.0374056063592433
Tout_C,Late,4,28,-25,-1,0.0401697605848312
Tout_C,Late,4,29,-25,0,0.0443876348435878
Tout_C,Late,5,0,-24,-29,0.0281852930784225
Tout_C,Late,5,1,-24,-28,0.0294837988913059
Tout_C,Late,5,2,-24,-27,0.0305573195219039
Tout_C,Late,5,3,-24,-26,0.0314168035984039
Tout_C,Late,5,4,-24,-25,0.0320802181959152
Tout_C,Late,5,5,-24,-24,0.0325703248381614
Tout_C,Late,5,6,-24,-23,0.0329119674861431
Tout_C,Late,5,7,-24,-22,0.0331299416720867
Tout_C,Late,5,8,-24,-21,0.03324731066823
Tout_C,Late,5,9,-24,-20,0.0332846045494079
Tout_C,Late,5,10,-24,-19,0.0332597196102142
Tout_C,Late,5,11,-24,-18,0.0331878513097763
Tout_C,Late,5,12,-24,-17,0.0330819822847843
Tout_C,Late,5,13,-24,-16,0.0329533368349075
Tout_C,Late,5,14,-24,-15,0.032812014222145
Tout_C,Late,5,15,-24,-14,0.0326674692332744
Tout_C,Late,5,16,-24,-13,0.0325292907655239
Tout_C,Late,5,17,-24,-12,0.0324077047407627
Tout_C,Late,5,18,-24,-11,0.0323144048452377
Tout_C,Late,5,19,-24,-10,0.0322633907198905
Tout_C,Late,5,20,-24,-9,0.0322720222175121
Tout_C,Late,5,21,-24,-8,0.0323625393211841
Tout_C,Late,5,22,-24,-7,0.0325641334056854
Tout_C,Late,5,23,-24,-6,0.0329166427254676
Tout_C,Late,5,24,-24,-5,0.0334757752716541
Tout_C,Late,5,25,-24,-4,0.034322764724493
Tout_C,Late,5,26,-24,-3,0.0355805307626724
Tout_C,Late,5,27,-24,-2,0.0374433360993862
Tout_C,Late,5,28,-24,-1,0.0402307584881782
Tout_C,Late,5,29,-24,0,0.0444868206977844
Tout_C,Late,6,0,-23,-29,0.0281877517700195
Tout_C,Late,6,1,-23,-28,0.0294881928712129
Tout_C,Late,6,2,-23,-27,0.0305611845105886
Tout_C,Late,6,3,-23,-26,0.031419038772583
Tout_C,Late,6,4,-23,-25,0.0320803970098495
Tout_C,Late,6,5,-23,-24,0.0325683653354644
Tout_C,Late,6,6,-23,-23,0.0329080671072006
Tout_C,Late,6,7,-23,-22,0.0331243872642517
Tout_C,Late,6,8,-23,-21,0.0332403555512428
Tout_C,Late,6,9,-23,-20,0.0332765839993953
Tout_C,Late,6,10,-23,-19,0.0332509167492389
Tout_C,Late,6,11,-23,-18,0.0331785045564174
Tout_C,Late,6,12,-23,-17,0.0330723710358142
Tout_C,Late,6,13,-23,-16,0.0329436995089054
Tout_C,Late,6,14,-23,-15,0.0328025668859481
Tout_C,Late,6,15,-23,-14,0.0326584614813327
Tout_C,Late,6,16,-23,-13,0.0325208939611911
Tout_C,Late,6,17,-23,-12,0.0324001275002956
Tout_C,Late,6,18,-23,-11,0.0323078893125057
Tout_C,Late,6,19,-23,-10,0.0322581380605697
Tout_C,Late,6,20,-23,-9,0.0322682745754718
Tout_C,Late,6,21,-23,-8,0.0323604680597782
Tout_C,Late,6,22,-23,-7,0.0325641110539436
Tout_C,Late,6,23,-23,-6,0.0329189337790012
Tout_C,Late,6,24,-23,-5,0.0334807895123958
Tout_C,Late,6,25,-23,-4,0.034330952912569
Tout_C,Late,6,26,-23,-3,0.0355926193296909
Tout_C,Late,6,27,-23,-2,0.0374603979289531
Tout_C,Late,6,28,-23,-1,0.0402546562254428
Tout_C,Late,6,29,-23,0,0.0445209741592407
Tout_C,Late,7,0,-22,-29,0.0281993132084608
Tout_C,Late,7,1,-22,-28,0.0294995438307523
Tout_C,Late,7,2,-22,-27,0.0305703859776258
Tout_C,Late,7,3,-22,-26,0.0314253270626068
Tout_C,Late,7,4,-22,-25,0.0320836529135704
Tout_C,Late,7,5,-22,-24,0.0325688458979129
Tout_C,Late,7,6,-22,-23,0.0329062044620513
Tout_C,Late,7,7,-22,-22,0.0331206247210502
Tout_C,Late,7,8,-22,-21,0.0332351699471473
Tout_C,Late,7,9,-22,-20,0.0332703664898872
Tout_C,Late,7,10,-22,-19,0.0332440733909606
Tout_C,Late,7,11,-22,-18,0.033171396702528
Tout_C,Late,7,12,-22,-17,0.0330652594566345
Tout_C,Late,7,13,-22,-16,0.0329368226230144
Tout_C,Late,7,14,-22,-15,0.0327961407601833
Tout_C,Late,7,15,-22,-14,0.0326526798307895
Tout_C,Late,7,16,-22,-13,0.0325159318745136
Tout_C,Late,7,17,-22,-12,0.0323961451649665
Tout_C,Late,7,18,-22,-11,0.0323049426078796
Tout_C,Late,7,19,-22,-10,0.0322563871741294
Tout_C,Late,7,20,-22,-9,0.0322677642107009
Tout_C,Late,7,21,-22,-8,0.0323612466454505
Tout_C,Late,7,22,-22,-7,0.0325661711394786
Tout_C,Late,7,23,-22,-6,0.0329222604632377
Tout_C,Late,7,24,-22,-5,0.0334852449595928
Tout_C,Late,7,25,-22,-4,0.0343362390995025
Tout_C,Late,7,26,-22,-3,0.0355983115732669
Tout_C,Late,7,27,-22,-2,0.0374656617641449
Tout_C,Late,7,28,-22,-1,0.0402580164372921
Tout_C,Late,7,29,-22,0,0.0445199757814407
Tout_C,Late,8,0,-21,-29,0.0282138902693986
Tout_C,Late,8,1,-21,-28,0.0295128766447305
Tout_C,Late,8,2,-21,-27,0.0305810216814279
Tout_C,Late,8,3,-21,-26,0.0314327478408813
Tout_C,Late,8,4,-21,-25,0.0320879742503166
Tout_C,Late,8,5,-21,-24,0.0325703993439674
Tout_C,Late,8,6,-21,-23,0.0329054519534111
Tout_C,Late,8,7,-21,-22,0.0331181101500988
Tout_C,Late,8,8,-21,-21,0.0332313403487205
Tout_C,Late,8,9,-21,-20,0.0332657322287559
Tout_C,Late,8,10,-21,-19,0.0332389399409294
Tout_C,Late,8,11,-21,-18,0.0331660881638526
Tout_C,Late,8,12,-21,-17,0.0330600440502166
Tout_C,Late,8,13,-21,-16,0.0329319834709167
Tout_C,Late,8,14,-21,-15,0.0327918566763401
Tout_C,Late,8,15,-21,-14,0.0326490923762321
Tout_C,Late,8,16,-21,-13,0.0325131565332412
Tout_C,Late,8,17,-21,-12,0.032394241541624
Tout_C,Late,8,18,-21,-11,0.0323040410876274
Tout_C,Late,8,19,-21,-10,0.0322564654052257
Tout_C,Late,8,20,-21,-9,0.032268825918436
Tout_C,Late,8,21,-21,-8,0.0323632135987281
Tout_C,Late,8,22,-21,-7,0.0325689874589443
Tout_C,Late,8,23,-21,-6,0.0329256728291511
Tout_C,Late,8,24,-21,-5,0.0334888584911823
Tout_C,Late,8,25,-21,-4,0.0343395583331584
Tout_C,Late,8,26,-21,-3,0.035600334405899
Tout_C,Late,8,27,-21,-2,0.0374647863209247
Tout_C,Late,8,28,-21,-1,0.0402514860033988
Tout_C,Late,8,29,-21,0,0.0445028096437454
Tout_C,Late,9,0,-20,-29,0.0282277446240186
Tout_C,Late,9,1,-20,-28,0.0295251961797475
Tout_C,Late,9,2,-20,-27,0.0305907912552356
Tout_C,Late,9,3,-20,-26,0.0314396731555461
Tout_C,Late,9,4,-20,-25,0.0320921391248703
Tout_C,Late,9,5,-20,-24,0.0325721874833107
Tout_C,Late,9,6,-20,-23,0.0329053364694118
Tout_C,Late,9,7,-20,-22,0.0331164896488189
Tout_C,Late,9,8,-20,-21,0.0332287065684795
Tout_C,Late,9,9,-20,-20,0.0332624278962612
Tout_C,Late,9,10,-20,-19,0.0332352966070175
Tout_C,Late,9,11,-20,-18,0.0331623740494251
Tout_C,Late,9,12,-20,-17,0.033056516200304
Tout_C,Late,9,13,-20,-16,0.0329287610948085
Tout_C,Late,9,14,-20,-15,0.0327891260385513
Tout_C,Late,9,15,-20,-14,0.0326469503343105
Tout_C,Late,9,16,-20,-13,0.0325116999447345
Tout_C,Late,9,17,-20,-12,0.0323935486376285
Tout_C,Late,9,18,-20,-11,0.0323040932416915
Tout_C,Late,9,19,-20,-10,0.0322572775185108
Tout_C,Late,9,20,-20,-9,0.0322703570127487
Tout_C,Late,9,21,-20,-8,0.0323654599487781
Tout_C,Late,9,22,-20,-7,0.0325716696679592
Tout_C,Late,9,23,-20,-6,0.0329285897314548
Tout_C,Late,9,24,-20,-5,0.0334916338324546
Tout_C,Late,9,25,-20,-4,0.0343415178358554
Tout_C,Late,9,26,-20,-3,0.0356004424393177
Tout_C,Late,9,27,-20,-2,0.0374613553285598
Tout_C,Late,9,28,-20,-1,0.0402415432035923
Tout_C,Late,9,29,-20,0,0.0444811880588531
Tout_C,Late,10,0,-19,-29,0.0282387267798185
Tout_C,Late,10,1,-19,-28,0.029534850269556
Tout_C,Late,10,2,-19,-27,0.0305983740836381
Tout_C,Late,10,3,-19,-26,0.0314450524747371
Tout_C,Late,10,4,-19,-25,0.0320954509079456
Tout_C,Late,10,5,-19,-24,0.0325737372040748
Tout_C,Late,10,6,-19,-23,0.0329054594039917
Tout_C,Late,10,7,-19,-22,0.0331155396997928
Tout_C,Late,10,8,-19,-21,0.0332269892096519
Tout_C,Late,10,9,-19,-20,0.0332602150738239
Tout_C,Late,10,10,-19,-19,0.033232893794775
Tout_C,Late,10,11,-19,-18,0.0331599414348602
Tout_C,Late,10,12,-19,-17,0.033054232597351
Tout_C,Late,10,13,-19,-16,0.0329267382621765
Tout_C,Late,10,14,-19,-15,0.0327874682843685
Tout_C,Late,10,15,-19,-14,0.0326457545161247
Tout_C,Late,10,16,-19,-13,0.0325109958648681
Tout_C,Late,10,17,-19,-12,0.0323933772742748
Tout_C,Late,10,18,-19,-11,0.0323044992983341
Tout_C,Late,10,19,-19,-10,0.0322582088410854
Tout_C,Late,10,20,-19,-9,0.0322717800736427
Tout_C,Late,10,21,-19,-8,0.0323672816157341
Tout_C,Late,10,22,-19,-7,0.032573752105236
Tout_C,Late,10,23,-19,-6,0.0329307094216346
Tout_C,Late,10,24,-19,-5,0.0334934629499912
Tout_C,Late,10,25,-19,-4,0.0343425050377845
Tout_C,Late,10,26,-19,-3,0.0355997495353221
Tout_C,Late,10,27,-19,-2,0.0374576039612293
Tout_C,Late,10,28,-19,-1,0.0402323529124259
Tout_C,Late,10,29,-19,0,0.0444622263312339
Tout_C,Late,11,0,-18,-29,0.0282457284629344
Tout_C,Late,11,1,-18,-28,0.0295409280806779
Tout_C,Late,11,2,-18,-27,0.0306031201034784
Tout_C,Late,11,3,-18,-26,0.0314484275877475
Tout_C,Late,11,4,-18,-25,0.0320975705981254
Tout_C,Late,11,5,-18,-24,0.0325747728347778
Tout_C,Late,11,6,-18,-23,0.0329056046903133
Tout_C,Late,11,7,-18,-22,0.0331150293350219
Tout_C,Late,11,8,-18,-21,0.0332260467112064
Tout_C,Late,11,9,-18,-20,0.0332590267062187
Tout_C,Late,11,10,-18,-19,0.0332315377891063
Tout_C,Late,11,11,-18,-18,0.0331586077809333
Tout_C,Late,11,12,-18,-17,0.0330529697239398
Tout_C,Late,11,13,-18,-16,0.0329256765544414
Tout_C,Late,11,14,-18,-15,0.0327866226434707
Tout_C,Late,11,15,-18,-14,0.0326451770961284
Tout_C,Late,11,16,-18,-13,0.0325107090175151
Tout_C,Late,11,17,-18,-12,0.0323934070765972
Tout_C,Late,11,18,-18,-11,0.0323048271238803
Tout_C,Late,11,19,-18,-10,0.0322588384151458
Tout_C,Late,11,20,-18,-9,0.0322726853191852
Tout_C,Late,11,21,-18,-8,0.0323684029281139
Tout_C,Late,11,22,-18,-7,0.0325750112533569
Tout_C,Late,11,23,-18,-6,0.0329319238662719
Tout_C,Late,11,24,-18,-5,0.0334944054484367
Tout_C,Late,11,25,-18,-4,0.0343428738415241
Tout_C,Late,11,26,-18,-3,0.0355990380048751
Tout_C,Late,11,27,-18,-2,0.0374548733234405
Tout_C,Late,11,28,-18,-1,0.0402261763811111
Tout_C,Late,11,29,-18,0,0.0444499850273132
Tout_C,Late,12,0,-17,-29,0.0282481983304023
Tout_C,Late,12,1,-17,-28,0.0295430067926645
Tout_C,Late,12,2,-17,-27,0.0306047461926937
Tout_C,Late,12,3,-17,-26,0.0314496010541915
Tout_C,Late,12,4,-17,-25,0.0320983193814754
Tout_C,Late,12,5,-17,-24,0.0325751230120658
Tout_C,Late,12,6,-17,-23,0.0329057015478611
Tout_C,Late,12,7,-17,-22,0.0331149138510227
Tout_C,Late,12,8,-17,-21,0.0332257784903049
Tout_C,Late,12,9,-17,-20,0.0332586504518985
Tout_C,Late,12,10,-17,-19,0.0332311578094959
Tout_C,Late,12,11,-17,-18,0.0331581868231296
Tout_C,Late,12,12,-17,-17,0.0330525636672973
Tout_C,Late,12,13,-17,-16,0.0329253114759922
Tout_C,Late,12,14,-17,-15,0.0327863283455371
Tout_C,Late,12,15,-17,-14,0.0326449424028396
Tout_C,Late,12,16,-17,-13,0.0325105860829353
Tout_C,Late,12,17,-17,-12,0.032393354922533
Tout_C,Late,12,18,-17,-11,0.0323048569262027
Tout_C,Late,12,19,-17,-10,0.0322589874267578
Tout_C,Late,12,20,-17,-9,0.0322728902101516
Tout_C,Late,12,21,-17,-8,0.0323686115443706
Tout_C,Late,12,22,-17,-7,0.032575249671936
Tout_C,Late,12,23,-17,-6,0.0329321436583995
Tout_C,Late,12,24,-17,-5,0.0334945544600486
Tout_C,Late,12,25,-17,-4,0.0343428328633308
Tout_C,Late,12,26,-17,-3,0.0355986654758453
Tout_C,Late,12,27,-17,-2,0.0374539718031883
Tout_C,Late,12,28,-17,-1,0.0402243137359619
Tout_C,Late,12,29,-17,0,0.0444465428590774
Tout_C,Late,13,0,-16,-29,0.0282460488379001
Tout_C,Late,13,1,-16,-28,0.029541065916419
Tout_C,Late,13,2,-16,-27,0.0306032449007034
Tout_C,Late,13,3,-16,-26,0.0314484648406505
Tout_C,Late,13,4,-16,-25,0.0320976078510284
Tout_C,Late,13,5,-16,-24,0.0325747765600681
Tout_C,Late,13,6,-16,-23,0.0329056195914745
Tout_C,Late,13,7,-16,-22,0.0331150479614734
Tout_C,Late,13,8,-16,-21,0.0332260392606258
Tout_C,Late,13,9,-16,-20,0.0332590378820896
Tout_C,Late,13,10,-16,-19,0.0332315415143966
Tout_C,Late,13,11,-16,-18,0.0331585817039012
Tout_C,Late,13,12,-16,-17,0.0330529063940048
Tout_C,Late,13,13,-16,-16,0.0329255834221839
Tout_C,Late,13,14,-16,-15,0.0327864699065685
Tout_C,Late,13,15,-16,-14,0.0326449684798717
Tout_C,Late,13,16,-16,-13,0.032510470598936
Tout_C,Late,13,17,-16,-12,0.0323931090533733
Tout_C,Late,13,18,-16,-11,0.0323044992983341
Tout_C,Late,13,19,-16,-10,0.032258465886116
Tout_C,Late,13,20,-16,-9,0.0322722382843494
Tout_C,Late,13,21,-16,-8,0.032367929816246
Tout_C,Late,13,22,-16,-7,0.0325744785368442
Tout_C,Late,13,23,-16,-6,0.0329313911497592
Tout_C,Late,13,24,-16,-5,0.0334939323365688
Tout_C,Late,13,25,-16,-4,0.034342486411333
Tout_C,Late,13,26,-16,-3,0.0355988144874572
Tout_C,Late,13,27,-16,-2,0.0374551266431808
Tout_C,Late,13,28,-16,-1,0.0402272269129753
Tout_C,Late,13,29,-16,0,0.0444528460502624
Tout_C,Late,14,0,-15,-29,0.02823943272233
Tout_C,Late,14,1,-15,-28,0.029535312205553
Tout_C,Late,14,2,-15,-27,0.030598672106862
Tout_C,Late,14,3,-15,-26,0.0314452201128006
Tout_C,Late,14,4,-15,-25,0.0320955105125904
Tout_C,Late,14,5,-15,-24,0.0325737297534942
Tout_C,Late,14,6,-15,-23,0.0329053737223148
Tout_C,Late,14,7,-15,-22,0.0331154316663742
Tout_C,Late,14,8,-15,-21,0.0332268178462982
Tout_C,Late,14,9,-15,-20,0.0332600586116313
Tout_C,Late,14,10,-15,-19,0.0332326255738735
Tout_C,Late,14,11,-15,-18,0.0331596471369266
Tout_C,Late,14,12,-15,-17,0.0330538488924503
Tout_C,Late,14,13,-15,-16,0.0329263284802436
Tout_C,Late,14,14,-15,-15,0.0327869728207588
Tout_C,Late,14,15,-15,-14,0.0326451621949672
Tout_C,Late,14,16,-15,-13,0.0325103104114532
Tout_C,Late,14,17,-15,-12,0.0323926135897636
Tout_C,Late,14,18,-15,-11,0.0323036797344684
Tout_C,Late,14,19,-15,-10,0.0322573110461235
Tout_C,Late,14,20,-15,-9,0.0322708338499069
Tout_C,Late,14,21,-15,-8,0.0323662497103214
Tout_C,Late,14,22,-15,-7,0.0325727388262748
Tout_C,Late,14,23,-15,-6,0.0329297333955764
Tout_C,Late,14,24,-15,-5,0.0334925986826419
Tout_C,Late,14,25,-15,-4,0.0343419015407562
Tout_C,Late,14,26,-15,-3,0.0355996452271938
Tout_C,Late,14,27,-15,-2,0.0374584384262561
Tout_C,Late,14,28,-15,-1,0.0402350611984729
Tout_C,Late,14,29,-15,0,0.0444687493145465
Tout_C,Late,15,0,-14,-29,0.0282287932932376
Tout_C,Late,15,1,-14,-28,0.0295260734856128
Tout_C,Late,15,2,-14,-27,0.0305914003401994
Tout_C,Late,15,3,-14,-26,0.0314399935305118
Tout_C,Late,15,4,-14,-25,0.0320922061800956
Tout_C,Late,15,5,-14,-24,0.0325720235705375
Tout_C,Late,15,6,-14,-23,0.0329049788415432
Tout_C,Late,15,7,-14,-22,0.0331159569323062
Tout_C,Late,15,8,-14,-21,0.0332280360162258
Tout_C,Late,15,9,-14,-20,0.0332616083323955
Tout_C,Late,15,10,-14,-19,0.0332343615591526
Tout_C,Late,15,11,-14,-18,0.0331613160669803
Tout_C,Late,15,12,-14,-17,0.03305534273386
Tout_C,Late,15,13,-14,-16,0.0329275019466877
Tout_C,Late,15,14,-14,-15,0.0327877402305603
Tout_C,Late,15,15,-14,-14,0.0326454676687717
Tout_C,Late,15,16,-14,-13,0.0325101055204868
Tout_C,Late,15,17,-14,-12,0.0323918648064136
Tout_C,Late,15,18,-14,-11,0.0323023684322834
Tout_C,Late,15,19,-14,-10,0.0322555303573608
Tout_C,Late,15,20,-14,-9,0.032268613576889
Tout_C,Late,15,21,-14,-8,0.0323637723922729
Tout_C,Late,15,22,-14,-7,0.0325701087713241
Tout_C,Late,15,23,-14,-6,0.0329272486269474
Tout_C,Late,15,24,-14,-5,0.0334906391799449
Tout_C,Late,15,25,-14,-4,0.0343411229550838
Tout_C,Late,15,26,-14,-3,0.0356010757386684
Tout_C,Late,15,27,-14,-2,0.0374638326466083
Tout_C,Late,15,28,-14,-1,0.040247369557619
Tout_C,Late,15,29,-14,0,0.0444935746490955
Tout_C,Late,16,0,-13,-29,0.028214693069458
Tout_C,Late,16,1,-13,-28,0.0295138452202081
Tout_C,Late,16,2,-13,-27,0.0305817648768425
Tout_C,Late,16,3,-13,-26,0.0314331129193306
Tout_C,Late,16,4,-13,-25,0.0320878624916076
Tout_C,Late,16,5,-13,-24,0.0325698181986808
Tout_C,Late,16,6,-13,-23,0.0329044498503208
Tout_C,Late,16,7,-13,-22,0.033116690814495
Tout_C,Late,16,8,-13,-21,0.0332296341657638
Tout_C,Late,16,9,-13,-20,0.0332636944949626
Tout_C,Late,16,10,-13,-19,0.0332366339862346
Tout_C,Late,16,11,-13,-18,0.0331635475158691
Tout_C,Late,16,12,-13,-17,0.0330572947859764
Tout_C,Late,16,13,-13,-16,0.0329290591180324
Tout_C,Late,16,14,-13,-15,0.0327887497842311
Tout_C,Late,16,15,-13,-14,0.032645858824253
Tout_C,Late,16,16,-13,-13,0.0325098559260368
Tout_C,Late,16,17,-13,-12,0.032390896230936
Tout_C,Late,16,18,-13,-11,0.0323007255792617
Tout_C,Late,16,19,-13,-10,0.0322532504796981
Tout_C,Late,16,20,-13,-9,0.0322657786309719
Tout_C,Late,16,21,-13,-8,0.032360516488552
Tout_C,Late,16,22,-13,-7,0.0325666777789592
Tout_C,Late,16,23,-13,-6,0.032924011349678
Tout_C,Late,16,24,-13,-5,0.0334881283342838
Tout_C,Late,16,25,-13,-4,0.034340176731348
Tout_C,Late,16,26,-13,-3,0.0356030315160751
Tout_C,Late,16,27,-13,-2,0.0374708622694015
Tout_C,Late,16,28,-13,-1,0.0402634665369987
Tout_C,Late,16,29,-13,0,0.0445258766412735
Tout_C,Late,17,0,-12,-29,0.0281978920102119
Tout_C,Late,17,1,-12,-28,0.0294993240386247
Tout_C,Late,17,2,-12,-27,0.0305703561753034
Tout_C,Late,17,3,-12,-26,0.0314249396324157
Tout_C,Late,17,4,-12,-25,0.0320826582610607
Tout_C,Late,17,5,-12,-24,0.0325671918690204
Tout_C,Late,17,6,-12,-23,0.0329038687050342
Tout_C,Late,17,7,-12,-22,0.0331176072359085
Tout_C,Late,17,8,-12,-21,0.033231534063816
Tout_C,Late,17,9,-12,-20,0.0332662090659141
Tout_C,Late,17,10,-12,-19,0.0332393832504749
Tout_C,Late,17,11,-12,-18,0.0331662371754646
Tout_C,Late,17,12,-12,-17,0.0330597162246704
Tout_C,Late,17,13,-12,-16,0.0329309739172458
Tout_C,Late,17,14,-12,-15,0.0327900610864162
Tout_C,Late,17,15,-12,-14,0.0326464101672172
Tout_C,Late,17,16,-12,-13,0.0325095951557159
Tout_C,Late,17,17,-12,-12,0.0323898494243621
Tout_C,Late,17,18,-12,-11,0.0322988480329513
Tout_C,Late,17,19,-12,-10,0.0322505868971347
Tout_C,Late,17,20,-12,-9,0.0322624817490577
Tout_C,Late,17,21,-12,-8,0.0323567129671573
Tout_C,Late,17,22,-12,-7,0.0325627028942108
Tout_C,Late,17,23,-12,-6,0.0329201929271221
Tout_C,Late,17,24,-12,-5,0.0334851630032062
Tout_C,Late,17,25,-12,-4,0.034339003264904
Tout_C,Late,17,26,-12,-3,0.0356052294373512
Tout_C,Late,17,27,-12,-2,0.0374791026115417
Tout_C,Late,17,28,-12,-1,0.0402822978794574
Tout_C,Late,17,29,-12,0,0.0445637628436088
Tout_C,Late,18,0,-11,-29,0.0281794592738151
Tout_C,Late,18,1,-11,-28,0.0294833779335021
Tout_C,Late,18,2,-11,-27,0.0305578187108039
Tout_C,Late,18,3,-11,-26,0.0314160250127315
Tout_C,Late,18,4,-11,-25,0.0320770815014839
Tout_C,Late,18,5,-11,-24,0.0325644202530384
Tout_C,Late,18,6,-11,-23,0.0329033285379409
Tout_C,Late,18,7,-11,-22,0.0331187322735786
Tout_C,Late,18,8,-11,-21,0.0332338064908981
Tout_C,Late,18,9,-11,-20,0.0332691557705402
Tout_C,Late,18,10,-11,-19,0.0332425758242607
Tout_C,Late,18,11,-11,-18,0.0331693701446056
Tout_C,Late,18,12,-11,-17,0.0330625101923942
Tout_C,Late,18,13,-11,-16,0.0329332277178764
Tout_C,Late,18,14,-11,-15,0.0327916145324707
Tout_C,Late,18,15,-11,-14,0.0326471999287605
Tout_C,Late,18,16,-11,-13,0.0325094908475875
Tout_C,Late,18,17,-11,-12,0.0323887914419174
Tout_C,Late,18,18,-11,-11,0.032296884804964
Tout_C,Late,18,19,-11,-10,0.0322477743029594
Tout_C,Late,18,20,-11,-9,0.0322589464485645
Tout_C,Late,18,21,-11,-8,0.0323526076972484
Tout_C,Late,18,22,-11,-7,0.0325583331286907
Tout_C,Late,18,23,-11,-6,0.0329160243272781
Tout_C,Late,18,24,-11,-5,0.0334818325936794
Tout_C,Late,18,25,-11,-4,0.0343375988304615
Tout_C,Late,18,26,-11,-3,0.0356074459850788
Tout_C,Late,18,27,-11,-2,0.0374877713620662
Tout_C,Late,18,28,-11,-1,0.0403024591505527
Tout_C,Late,18,29,-11,0,0.0446043722331523
Tout_C,Late,19,0,-10,-29,0.0281607396900653
Tout_C,Late,19,1,-10,-28,0.0294671468436718
Tout_C,Late,19,2,-10,-27,0.0305450949817895
Tout_C,Late,19,3,-10,-26,0.031406994909048
Tout_C,Late,19,4,-10,-25,0.0320714600384235
Tout_C,Late,19,5,-10,-24,0.0325617417693138
Tout_C,Late,19,6,-10,-23,0.0329029709100723
Tout_C,Late,19,7,-10,-22,0.0331201180815696
Tout_C,Late,19,8,-10,-21,0.0332363210618495
Tout_C,Late,19,9,-10,-20,0.0332723744213581
Tout_C,Late,19,10,-10,-19,0.0332461223006248
Tout_C,Late,19,11,-10,-18,0.0331728532910347
Tout_C,Late,19,12,-10,-17,0.0330656692385673
Tout_C,Late,19,13,-10,-16,0.0329358503222465
Tout_C,Late,19,14,-10,-15,0.0327935256063938
Tout_C,Late,19,15,-10,-14,0.0326482430100441
Tout_C,Late,19,16,-10,-13,0.0325096361339092
Tout_C,Late,19,17,-10,-12,0.0323880054056644
Tout_C,Late,19,18,-10,-11,0.0322951562702655
Tout_C,Late,19,19,-10,-10,0.0322451069951057
Tout_C,Late,19,20,-10,-9,0.0322554521262645
Tout_C,Late,19,21,-10,-8,0.0323485322296619
Tout_C,Late,19,22,-10,-7,0.0325538963079452
Tout_C,Late,19,23,-10,-6,0.0329116955399513
Tout_C,Late,19,24,-10,-5,0.0334782861173152
Tout_C,Late,19,25,-10,-4,0.0343358851969242
Tout_C,Late,19,26,-10,-3,0.0356092527508735
Tout_C,Late,19,27,-10,-2,0.0374959297478199
Tout_C,Late,19,28,-10,-1,0.0403218530118465
Tout_C,Late,19,29,-10,0,0.0446440838277339
Tout_C,Late,20,0,-9,-29,0.028143486008048
Tout_C,Late,20,1,-9,-28,0.0294521357864141
Tout_C,Late,20,2,-9,-27,0.0305333640426397
Tout_C,Late,20,3,-9,-26,0.0313987284898757
Tout_C,Late,20,4,-9,-25,0.0320664830505847
Tout_C,Late,20,5,-9,-24,0.0325595401227474
Tout_C,Late,20,6,-9,-23,0.0329029858112335
Tout_C,Late,20,7,-9,-22,0.0331217944622039
Tout_C,Late,20,8,-9,-21,0.0332391671836376
Tout_C,Late,20,9,-9,-20,0.0332758873701095
Tout_C,Late,20,10,-9,-19,0.0332499183714389
Tout_C,Late,20,11,-9,-18,0.0331766381859779
Tout_C,Late,20,12,-9,-17,0.033069159835577
Tout_C,Late,20,13,-9,-16,0.0329388342797756
Tout_C,Late,20,14,-9,-15,0.0327958650887012
Tout_C,Late,20,15,-9,-14,0.0326497815549373
Tout_C,Late,20,16,-9,-13,0.0325102731585502
Tout_C,Late,20,17,-9,-12,0.032387688755989
Tout_C,Late,20,18,-9,-11,0.0322938859462738
Tout_C,Late,20,19,-9,-10,0.0322429612278938
Tout_C,Late,20,20,-9,-9,0.0322524532675743
Tout_C,Late,20,21,-9,-8,0.0323448590934276
Tout_C,Late,20,22,-9,-7,0.0325497761368751
Tout_C,Late,20,23,-9,-6,0.0329075306653976
Tout_C,Late,20,24,-9,-5,0.0334746874868869
Tout_C,Late,20,25,-9,-4,0.0343337766826152
Tout_C,Late,20,26,-9,-3,0.0356100685894489
Tout_C,Late,20,27,-9,-2,0.0375022366642952
Tout_C,Late,20,28,-9,-1,0.0403379872441291
Tout_C,Late,20,29,-9,0,0.044678010046482
Tout_C,Late,21,0,-8,-29,0.0281300079077482
Tout_C,Late,21,1,-8,-28,0.0294402670115232
Tout_C,Late,21,2,-8,-27,0.0305240843445062
Tout_C,Late,21,3,-8,-26,0.0313923992216587
Tout_C,Late,21,4,-8,-25,0.032062854617834
Tout_C,Late,21,5,-8,-24,0.0325582958757877
Tout_C,Late,21,6,-8,-23,0.0329036377370357
Tout_C,Late,21,7,-8,-22,0.0331238619983196
Tout_C,Late,21,8,-8,-21,0.0332422330975532
Tout_C,Late,21,9,-8,-20,0.0332796052098274
Tout_C,Late,21,10,-8,-19,0.0332539156079292
Tout_C,Late,21,11,-8,-18,0.0331806503236293
Tout_C,Late,21,12,-8,-17,0.0330729521811008
Tout_C,Late,21,13,-8,-16,0.0329422727227211
Tout_C,Late,21,14,-8,-15,0.0327986851334571
Tout_C,Late,21,15,-8,-14,0.0326519533991813
Tout_C,Late,21,16,-8,-13,0.0325116850435733
Tout_C,Late,21,17,-8,-12,0.0323882922530174
Tout_C,Late,21,18,-8,-11,0.0322936102747917
Tout_C,Late,21,19,-8,-10,0.0322418324649333
Tout_C,Late,21,20,-8,-9,0.03225052729249
Tout_C,Late,21,21,-8,-8,0.0323422215878963
Tout_C,Late,21,22,-8,-7,0.0325465761125087
Tout_C,Late,21,23,-8,-6,0.0329040251672267
Tout_C,Late,21,24,-8,-5,0.0334712415933609
Tout_C,Late,21,25,-8,-4,0.034331027418375
Tout_C,Late,21,26,-8,-3,0.0356091633439064
Tout_C,Late,21,27,-8,-2,0.0375049039721488
Tout_C,Late,21,28,-8,-1,0.0403473228216171
Tout_C,Late,21,29,-8,0,0.0446996763348579
Tout_C,Late,22,0,-7,-29,0.0281233917921781
Tout_C,Late,22,1,-7,-28,0.0294341947883367
Tout_C,Late,22,2,-7,-27,0.0305194798856973
Tout_C,Late,22,3,-7,-26,0.0313894897699356
Tout_C,Late,22,4,-7,-25,0.0320616886019706
Tout_C,Late,22,5,-7,-24,0.0325586348772048
Tout_C,Late,22,6,-7,-23,0.0329052582383155
Tout_C,Late,22,7,-7,-22,0.0331264920532703
Tout_C,Late,22,8,-7,-21,0.0332456193864345
Tout_C,Late,22,9,-7,-20,0.0332834459841251
Tout_C,Late,22,10,-7,-19,0.0332580469548702
Tout_C,Late,22,11,-7,-18,0.0331848599016666
Tout_C,Late,22,12,-7,-17,0.0330770947039127
Tout_C,Late,22,13,-7,-16,0.0329461432993412
Tout_C,Late,22,14,-7,-15,0.0328022614121437
Tout_C,Late,22,15,-7,-14,0.0326550938189029
Tout_C,Late,22,16,-7,-13,0.0325142927467823
Tout_C,Late,22,17,-7,-12,0.0323902852833271
Tout_C,Late,22,18,-7,-11,0.03229496255517
Tout_C,Late,22,19,-7,-10,0.0322424620389938
Tout_C,Late,22,20,-7,-9,0.0322504192590713
Tout_C,Late,22,21,-7,-8,0.0323413126170635
Tout_C,Late,22,22,-7,-7,0.0325449369847774
Tout_C,Late,22,23,-7,-6,0.0329016670584678
Tout_C,Late,22,24,-7,-5,0.0334682688117027
Tout_C,Late,22,25,-7,-4,0.034327607601881
Tout_C,Late,22,26,-7,-3,0.0356055460870265
Tout_C,Late,22,27,-7,-2,0.0375015847384929
Tout_C,Late,22,28,-7,-1,0.040345162153244
Tout_C,Late,22,29,-7,0,0.0447002239525318
Tout_C,Late,23,0,-6,-29,0.028127796947956
Tout_C,Late,23,1,-6,-28,0.0294373724609613
Tout_C,Late,23,2,-6,-27,0.0305221397429704
Tout_C,Late,23,3,-6,-26,0.0313920155167579
Tout_C,Late,23,4,-6,-25,0.0320642925798893
Tout_C,Late,23,5,-6,-24,0.032561432570219
Tout_C,Late,23,6,-6,-23,0.0329083204269409
Tout_C,Late,23,7,-6,-22,0.0331298485398292
Tout_C,Late,23,8,-6,-21,0.0332492478191852
Tout_C,Late,23,9,-6,-20,0.0332873314619064
Tout_C,Late,23,10,-6,-19,0.0332621522247791
Tout_C,Late,23,11,-6,-18,0.0331891775131225
Tout_C,Late,23,12,-6,-17,0.0330815538763999
Tout_C,Late,23,13,-6,-16,0.0329506620764732
Tout_C,Late,23,14,-6,-15,0.0328068137168884
Tout_C,Late,23,15,-6,-14,0.0326595790684223
Tout_C,Late,23,16,-6,-13,0.0325186513364315
Tout_C,Late,23,17,-6,-12,0.032394453883171
Tout_C,Late,23,18,-6,-11,0.0322987399995327
Tout_C,Late,23,19,-6,-10,0.0322457775473594
Tout_C,Late,23,20,-6,-9,0.0322531275451183
Tout_C,Late,23,21,-6,-8,0.032343253493309
Tout_C,Late,23,22,-6,-7,0.0325458496809005
Tout_C,Late,23,23,-6,-6,0.0329012423753738
Tout_C,Late,23,24,-6,-5,0.0334661044180393
Tout_C,Late,23,25,-6,-4,0.0343231000006198
Tout_C,Late,23,26,-6,-3,0.0355977900326252
Tout_C,Late,23,27,-6,-2,0.0374890193343162
Tout_C,Late,23,28,-6,-1,0.0403252318501472
Tout_C,Late,23,29,-6,0,0.0446679517626762
Tout_C,Late,24,0,-5,-29,0.0281487628817558
Tout_C,Late,24,1,-5,-28,0.0294544734060764
Tout_C,Late,24,2,-5,-27,0.0305357687175273
Tout_C,Late,24,3,-5,-26,0.031402725726366
Tout_C,Late,24,4,-5,-25,0.0320725701749324
Tout_C,Late,24,5,-5,-24,0.0325678884983062
Tout_C,Late,24,6,-5,-23,0.0329134799540042
Tout_C,Late,24,7,-5,-22,0.0331341587007045
Tout_C,Late,24,8,-5,-21,0.033253151923418
Tout_C,Late,24,9,-5,-20,0.0332911647856235
Tout_C,Late,24,10,-5,-19,0.0332661420106887
Tout_C,Late,24,11,-5,-18,0.0331934988498687
Tout_C,Late,24,12,-5,-17,0.0330863408744335
Tout_C,Late,24,13,-5,-16,0.0329560376703739
Tout_C,Late,24,14,-5,-15,0.0328127443790435
Tout_C,Late,24,15,-5,-14,0.0326660275459289
Tout_C,Late,24,16,-5,-13,0.0325255617499351
Tout_C,Late,24,17,-5,-12,0.0324016660451889
Tout_C,Late,24,18,-5,-11,0.032306183129549
Tout_C,Late,24,19,-5,-10,0.032253123819828
Tout_C,Late,24,20,-5,-9,0.0322600454092025
Tout_C,Late,24,21,-5,-8,0.0323493406176567
Tout_C,Late,24,22,-5,-7,0.0325505472719669
Tout_C,Late,24,23,-5,-6,0.0329037010669708
Tout_C,Late,24,24,-5,-5,0.0334651805460453
Tout_C,Late,24,25,-5,-4,0.0343170687556266
Tout_C,Late,24,26,-5,-3,0.0355838984251022
Tout_C,Late,24,27,-5,-2,0.0374628603458404
Tout_C,Late,24,28,-5,-1,0.0402788631618022
Tout_C,Late,24,29,-5,0,0.0445870049297809
Tout_C,Late,25,0,-4,-29,0.028194012120366
Tout_C,Late,25,1,-4,-28,0.0294918324798345
Tout_C,Late,25,2,-4,-27,0.0305653419345617
Tout_C,Late,25,3,-4,-26,0.0314251445233821
Tout_C,Late,25,4,-4,-25,0.0320889875292778
Tout_C,Late,25,5,-4,-24,0.0325795039534568
Tout_C,Late,25,6,-4,-23,0.0329215638339519
Tout_C,Late,25,7,-4,-22,0.0331398323178291
Tout_C,Late,25,8,-4,-21,0.0332573950290679
Tout_C,Late,25,9,-4,-20,0.0332948267459869
Tout_C,Late,25,10,-4,-19,0.0332698859274387
Tout_C,Late,25,11,-4,-18,0.0331978872418403
Tout_C,Late,25,12,-4,-17,0.0330916792154312
Tout_C,Late,25,13,-4,-16,0.0329625681042671
Tout_C,Late,25,14,-4,-15,0.0328206419944763
Tout_C,Late,25,15,-4,-14,0.0326753184199333
Tout_C,Late,25,16,-4,-13,0.0325361639261245
Tout_C,Late,25,17,-4,-12,0.0324134305119514
Tout_C,Late,25,18,-4,-11,0.0323188044130802
Tout_C,Late,25,19,-4,-10,0.0322662405669689
Tout_C,Late,25,20,-4,-9,0.032273095101118
Tout_C,Late,25,21,-4,-8,0.0323614962399005
Tout_C,Late,25,22,-4,-7,0.0325607061386108
Tout_C,Late,25,23,-4,-6,0.0329103246331214
Tout_C,Late,25,24,-4,-5,0.0334660485386848
Tout_C,Late,25,25,-4,-4,0.0343087576329708
Tout_C,Late,25,26,-4,-3,0.0355611220002174
Tout_C,Late,25,27,-4,-2,0.037416823208332
Tout_C,Late,25,28,-4,-1,0.0401943586766719
Tout_C,Late,25,29,-4,0,0.0444360524415969
Tout_C,Late,26,0,-3,-29,0.0282742846757173
Tout_C,Late,26,1,-3,-28,0.0295582804828882
Tout_C,Late,26,2,-3,-27,0.0306176114827394
Tout_C,Late,26,3,-3,-26,0.0314643085002899
Tout_C,Late,26,4,-3,-25,0.0321169197559356
Tout_C,Late,26,5,-3,-24,0.0325984209775924
Tout_C,Late,26,6,-3,-23,0.0329337045550346
Tout_C,Late,26,7,-3,-22,0.0331473387777805
Tout_C,Late,26,8,-3,-21,0.0332621298730373
Tout_C,Late,26,9,-3,-20,0.0332982912659645
Tout_C,Late,26,10,-3,-19,0.0332733765244483
Tout_C,Late,26,11,-3,-18,0.033202301710844
Tout_C,Late,26,12,-3,-17,0.0330978073179721
Tout_C,Late,26,13,-3,-16,0.0329708755016326
Tout_C,Late,26,14,-3,-15,0.0328314080834388
Tout_C,Late,26,15,-3,-14,0.0326886996626853
Tout_C,Late,26,16,-3,-13,0.0325521044433116
Tout_C,Late,26,17,-3,-12,0.0324317179620265
Tout_C,Late,26,18,-3,-11,0.0323389954864978
Tout_C,Late,26,19,-3,-10,0.032287698239088
Tout_C,Late,26,20,-3,-9,0.0322948507964611
Tout_C,Late,26,21,-3,-8,0.0323822423815727
Tout_C,Late,26,22,-3,-7,0.0325785987079143
Tout_C,Late,26,23,-3,-6,0.0329227857291698
Tout_C,Late,26,24,-3,-5,0.0334692373871803
Tout_C,Late,26,25,-3,-4,0.0342969596385955
Tout_C,Late,26,26,-3,-3,0.0355253815650939
Tout_C,Late,26,27,-3,-2,0.0373422689735889
Tout_C,Late,26,28,-3,-1,0.0400553755462169
Tout_C,Late,26,29,-3,0,0.0441859997808933
Tout_C,Late,27,0,-2,-29,0.0284048002213239
Tout_C,Late,27,1,-2,-28,0.029665969312191
Tout_C,Late,27,2,-2,-27,0.0307018719613552
Tout_C,Late,27,3,-2,-26,0.0315268971025943
Tout_C,Late,27,4,-2,-25,0.0321608707308769
Tout_C,Late,27,5,-2,-24,0.0326274149119854
Tout_C,Late,27,6,-2,-23,0.0329515114426612
Tout_C,Late,27,7,-2,-22,0.0331574231386184
Tout_C,Late,27,8,-2,-21,0.0332674980163574
Tout_C,Late,27,9,-2,-20,0.0333015322685241
Tout_C,Late,27,10,-2,-19,0.0332764945924282
Tout_C,Late,27,11,-2,-18,0.033206932246685
Tout_C,Late,27,12,-2,-17,0.0331051237881183
Tout_C,Late,27,13,-2,-16,0.0329817533493042
Tout_C,Late,27,14,-2,-15,0.0328463874757289
Tout_C,Late,27,15,-2,-14,0.0327079929411411
Tout_C,Late,27,16,-2,-13,0.0325757153332233
Tout_C,Late,27,17,-2,-12,0.0324592813849449
Tout_C,Late,27,18,-2,-11,0.0323698744177818
Tout_C,Late,27,19,-2,-10,0.0323208831250667
Tout_C,Late,27,20,-2,-9,0.0323288589715957
Tout_C,Late,27,21,-2,-8,0.0324150323867797
Tout_C,Late,27,22,-2,-7,0.0326072350144386
Tout_C,Late,27,23,-2,-6,0.03294313326478
Tout_C,Late,27,24,-2,-5,0.033475287258625
Tout_C,Late,27,25,-2,-4,0.0342796519398689
Tout_C,Late,27,26,-2,-3,0.0354705601930618
Tout_C,Late,27,27,-2,-2,0.0372268445789814
Tout_C,Late,27,28,-2,-1,0.0398394875228405
Tout_C,Late,27,29,-2,0,0.0437976755201816
Tout_C,Late,28,0,-1,-29,0.0286075510084629
Tout_C,Late,28,1,-1,-28,0.0298321861773729
Tout_C,Late,28,2,-1,-27,0.0308310575783252
Tout_C,Late,28,3,-1,-26,0.0316220000386238
Tout_C,Late,28,4,-1,-25,0.0322269275784492
Tout_C,Late,28,5,-1,-24,0.032670222222805
Tout_C,Late,28,6,-1,-23,0.0329769290983676
Tout_C,Late,28,7,-1,-22,0.0331708714365959
Tout_C,Late,28,8,-1,-21,0.0332736670970916
Tout_C,Late,28,9,-1,-20,0.0333043523132801
Tout_C,Late,28,10,-1,-19,0.033279150724411
Tout_C,Late,28,11,-1,-18,0.0332119464874267
Tout_C,Late,28,12,-1,-17,0.0331143587827682
Tout_C,Late,28,13,-1,-16,0.0329965129494667
Tout_C,Late,28,14,-1,-15,0.0328675247728824
Tout_C,Late,28,15,-1,-14,0.0327358804643154
Tout_C,Late,28,16,-1,-13,0.0326103046536445
Tout_C,Late,28,17,-1,-12,0.0325000770390033
Tout_C,Late,28,18,-1,-11,0.0324159450829029
Tout_C,Late,28,19,-1,-10,0.032370638102293
Tout_C,Late,28,20,-1,-9,0.0323800779879093
Tout_C,Late,28,21,-1,-8,0.0324645116925239
Tout_C,Late,28,22,-1,-7,0.0326505377888679
Tout_C,Late,28,23,-1,-6,0.0329739302396774
Tout_C,Late,28,24,-1,-5,0.0334844030439853
Tout_C,Late,28,25,-1,-4,0.0342534556984901
Tout_C,Late,28,26,-1,-3,0.0353877358138561
Tout_C,Late,28,27,-1,-2,0.0370529070496559
Tout_C,Late,28,28,-1,-1,0.0395156219601631
Tout_C,Late,28,29,-1,0,0.0432187728583812
Tout_C,Late,29,0,0,-29,0.0289146900177001
Tout_C,Late,29,1,0,-28,0.0300813782960176
Tout_C,Late,29,2,0,-27,0.0310228560119867
Tout_C,Late,29,3,0,-26,0.0317618697881698
Tout_C,Late,29,4,0,-25,0.0323229767382144
Tout_C,Late,29,5,0,-24,0.032731506973505
Tout_C,Late,29,6,0,-23,0.0330123677849769
Tout_C,Late,29,7,0,-22,0.0331885740160942
Tout_C,Late,29,8,0,-21,0.0332807004451751
Tout_C,Late,29,9,0,-20,0.0333065837621688
Tout_C,Late,29,10,0,-19,0.0332813039422035
Tout_C,Late,29,11,0,-18,0.033217653632164
Tout_C,Late,29,12,0,-17,0.0331264063715934
Tout_C,Late,29,13,0,-16,0.0330169163644313
Tout_C,Late,29,14,0,-15,0.0328974835574626
Tout_C,Late,29,15,0,-14,0.0327759720385074
Tout_C,Late,29,16,0,-13,0.0326604284346103
Tout_C,Late,29,17,0,-12,0.0325595289468765
Tout_C,Late,29,18,0,-11,0.0324832387268543
Tout_C,Late,29,19,0,-10,0.0324434451758861
Tout_C,Late,29,20,0,-9,0.0324550122022628
Tout_C,Late,29,21,0,-8,0.0325368046760559
Tout_C,Late,29,22,0,-7,0.0327134430408477
Tout_C,Late,29,23,0,-6,0.0330180302262306
Tout_C,Late,29,24,0,-5,0.0334961302578449
Tout_C,Late,29,25,0,-4,0.0342125967144966
Tout_C,Late,29,26,0,-3,0.0352633669972419
Tout_C,Late,29,27,0,-2,0.0367953404784202
Tout_C,Late,29,28,0,-1,0.0390416011214256
Tout_C,Late,29,29,0,0,0.0423818230628967
logQ,Early,0,0,-29,-29,0.0410954467952251
logQ,Early,0,1,-29,-28,0.0312499497085809
logQ,Early,0,2,-29,-27,0.0258038286119699
logQ,Early,0,3,-29,-26,0.0225822180509567
logQ,Early,0,4,-29,-25,0.0205819997936487
logQ,Early,0,5,-29,-24,0.0193003434687852
logQ,Early,0,6,-29,-23,0.0184674654155969
logQ,Early,0,7,-29,-22,0.0179306361824274
logQ,Early,0,8,-29,-21,0.0176000352948904
logQ,Early,0,9,-29,-20,0.017421705648303
logQ,Early,0,10,-29,-19,0.0173634886741638
logQ,Early,0,11,-29,-18,0.0174073223024606
logQ,Early,0,12,-29,-17,0.0175451301038265
logQ,Early,0,13,-29,-16,0.0177765190601348
logQ,Early,0,14,-29,-15,0.0181080028414726
logQ,Early,0,15,-29,-14,0.0185530073940753
logQ,Early,0,16,-29,-13,0.0191329699009656
logQ,Early,0,17,-29,-12,0.0198793280869722
logQ,Early,0,18,-29,-11,0.02083695307374
logQ,Early,0,19,-29,-10,0.0220698695629835
logQ,Early,0,20,-29,-9,0.0236702002584934
logQ,Early,0,21,-29,-8,0.0257728025317192
logQ,Early,0,22,-29,-7,0.0285796467214822
logQ,Early,0,23,-29,-6,0.0324015393853187
logQ,Early,0,24,-29,-5,0.0377322845160961
logQ,Early,0,25,-29,-4,0.0453849583864212
logQ,Early,0,26,-29,-3,0.0567544214427471
logQ,Early,0,27,-29,-2,0.0743460953235626
logQ,Early,0,28,-29,-1,0.1028908267617225
logQ,Early,0,29,-29,0,0.1517609655857086
logQ,Early,1,0,-28,-29,0.0442036762833595
logQ,Early,1,1,-28,-28,0.0321476310491561
logQ,Early,1,2,-28,-27,0.0257526654750108
logQ,Early,1,3,-28,-26,0.0220854692161083
logQ,Early,1,4,-28,-25,0.0198584962636232
logQ,Early,1,5,-28,-24,0.0184523053467273
logQ,Early,1,6,-28,-23,0.0175455585122108
logQ,Early,1,7,-28,-22,0.0169612057507038
logQ,Early,1,8,-28,-21,0.0165973305702209
logQ,Early,1,9,-28,-20,0.0163936838507652
logQ,Early,1,10,-28,-19,0.0163146033883094
logQ,Early,1,11,-28,-18,0.0163401030004024
logQ,Early,1,12,-28,-17,0.0164609085768461
logQ,Early,1,13,-28,-16,0.0166760329157114
logQ,Early,1,14,-28,-15,0.0169915836304426
logQ,Early,1,15,-28,-14,0.0174209382385015
logQ,Early,1,16,-28,-13,0.0179857779294252
logQ,Early,1,17,-28,-12,0.0187181197106838
logQ,Early,1,18,-28,-11,0.0196641962975263
logQ,Early,1,19,-28,-10,0.0208903327584266
logQ,Early,1,20,-28,-9,0.0224928967654705
logQ,Early,1,21,-28,-8,0.0246142912656068
logQ,Early,1,22,-28,-7,0.0274699199944734
logQ,Early,1,23,-28,-6,0.0313952043652534
logQ,Early,1,24,-28,-5,0.0369298197329044
logQ,Early,1,25,-28,-4,0.0449754856526851
logQ,Early,1,26,-28,-3,0.0571054592728614
logQ,Early,1,27,-28,-2,0.0762035325169563
logQ,Early,1,28,-28,-1,0.1078556105494499
logQ,Early,1,29,-28,0,0.1634971350431442
logQ,Early,2,0,-27,-29,0.046691957861185
logQ,Early,2,1,-27,-28,0.0328374169766902
logQ,Early,2,2,-27,-27,0.0257136579602956
logQ,Early,2,3,-27,-26,0.0217223893851041
logQ,Early,2,4,-27,-25,0.0193389542400836
logQ,Early,2,5,-27,-24,0.017851123586297
logQ,Early,2,6,-27,-23,0.0168981440365314
logQ,Early,2,7,-27,-22,0.0162850767374038
logQ,Early,2,8,-27,-21,0.015901431441307
logQ,Early,2,9,-27,-20,0.0156825557351112
logQ,Early,2,10,-27,-19,0.0155905485153198
logQ,Early,2,11,-27,-18,0.0156040843576192
logQ,Early,2,12,-27,-17,0.0157131832093
logQ,Early,2,13,-27,-16,0.0159163791686296
logQ,Early,2,14,-27,-15,0.01621950045228
logQ,Early,2,15,-27,-14,0.0166358239948749
logQ,Early,2,16,-27,-13,0.0171870049089193
logQ,Early,2,17,-27,-12,0.0179053507745265
logQ,Early,2,18,-27,-11,0.0188376437872648
logQ,Early,2,19,-27,-10,0.0200515203177928
logQ,Early,2,20,-27,-9,0.0216457154601812
logQ,Early,2,21,-27,-8,0.0237672161310911
logQ,Early,2,22,-27,-7,0.0266399327665567
logQ,Early,2,23,-27,-6,0.0306156370788812
logQ,Early,2,24,-27,-5,0.0362653769552707
logQ,Early,2,25,-27,-4,0.0445537306368351
logQ,Early,2,26,-27,-3,0.0571851842105388
logQ,Early,2,27,-27,-2,0.0773327350616455
logQ,Early,2,28,-27,-1,0.1112647205591201
logQ,Early,2,29,-27,0,0.1721458435058593
logQ,Early,3,0,-26,-29,0.0486223436892032
logQ,Early,3,1,-26,-28,0.0333566628396511
logQ,Early,3,2,-26,-27,0.0256847608834505
logQ,Early,3,3,-26,-26,0.0214594360440969
logQ,Early,3,4,-26,-25,0.0189676154404878
logQ,Early,3,5,-26,-24,0.0174255892634391
logQ,Early,3,6,-26,-23,0.0164431426674127
logQ,Early,3,7,-26,-22,0.0158124528825283
logQ,Early,3,8,-26,-21,0.0154168112203478
logQ,Early,3,9,-26,-20,0.0151886874809861
logQ,Early,3,10,-26,-19,0.0150885647162795
logQ,Early,3,11,-26,-18,0.0150943296030163
logQ,Early,3,12,-26,-17,0.0151954609900712
logQ,Early,3,13,-26,-16,0.0153901856392622
logQ,Early,3,14,-26,-15,0.0156841166317462
logQ,Early,3,15,-26,-14,0.016090415418148
logQ,Early,3,16,-26,-13,0.0166306756436824
logQ,Early,3,17,-26,-12,0.0173372067511081
logQ,Early,3,18,-26,-11,0.0182570815086364
logQ,Early,3,19,-26,-10,0.0194585546851158
logQ,Early,3,20,-26,-9,0.0210417825728654
logQ,Early,3,21,-26,-8,0.0231564696878194
logQ,Early,3,22,-26,-7,0.0260319933295249
logQ,Early,3,23,-26,-6,0.0300306398421525
logQ,Early,3,24,-26,-5,0.0357448980212211
logQ,Early,3,25,-26,-4,0.0441832765936851
logQ,Early,3,26,-26,-3,0.0571446493268013
logQ,Early,3,27,-26,-2,0.0780176520347595
logQ,Early,3,28,-26,-1,0.1135983392596244
logQ,Early,3,29,-26,0,0.1784462332725525
logQ,Early,4,0,-25,-29,0.050103198736906
logQ,Early,4,1,-25,-28,0.0337481014430522
logQ,Early,4,2,-25,-27,0.0256658308207988
logQ,Early,4,3,-25,-26,0.0212705116719007
logQ,Early,4,4,-25,-25,0.0187024399638175
logQ,Early,4,5,-25,-24,0.0171235781162977
logQ,Early,4,6,-25,-23,0.0161218494176864
logQ,Early,4,7,-25,-22,0.0154799297451972
logQ,Early,4,8,-25,-21,0.0150768822059035
logQ,Early,4,9,-25,-20,0.0148429796099662
logQ,Early,4,10,-25,-19,0.014737737365067
logQ,Early,4,11,-25,-18,0.0147383818402886
logQ,Early,4,12,-25,-17,0.0148340994492173
logQ,Early,4,13,-25,-16,0.0150228692218661
logQ,Early,4,14,-25,-15,0.0153101980686187
logQ,Early,4,15,-25,-14,0.0157090574502944
logQ,Early,4,16,-25,-13,0.0162409469485282
logQ,Early,4,17,-25,-12,0.0169382374733686
logQ,Early,4,18,-25,-11,0.0178480166941881
logQ,Early,4,19,-25,-10,0.0190388839691877
logQ,Early,4,20,-25,-9,0.0206117760390043
logQ,Early,4,21,-25,-8,0.0227180067449808
logQ,Early,4,22,-25,-7,0.0255904495716094
logQ,Early,4,23,-25,-6,0.029598357155919
logQ,Early,4,24,-25,-5,0.0353486128151416
logQ,Early,4,25,-25,-4,0.0438801310956478
logQ,Early,4,26,-25,-3,0.0570592768490314
logQ,Early,4,27,-25,-2,0.0784328505396843
logQ,Early,4,28,-25,-1,0.1151973828673362
logQ,Early,4,29,-25,0,0.1830092668533325
logQ,Early,5,0,-24,-29,0.0512408427894115
logQ,Early,5,1,-24,-28,0.034047245979309
logQ,Early,5,2,-24,-27,0.0256561823189258
logQ,Early,5,3,-24,-26,0.0211357939988374
logQ,Early,5,4,-24,-25,0.0185129027813673
logQ,Early,5,5,-24,-24,0.0169082451611757
logQ,Early,5,6,-24,-23,0.0158934537321329
logQ,Early,5,7,-24,-22,0.015244192443788
logQ,Early,5,8,-24,-21,0.0148363625630736
logQ,Early,5,9,-24,-20,0.0145987812429666
logQ,Early,5,10,-24,-19,0.014490214176476
logQ,Early,5,11,-24,-18,0.0144874369725584
logQ,Early,5,12,-24,-17,0.0145794497802853
logQ,Early,5,13,-24,-16,0.0147640584036707
logQ,Early,5,14,-24,-15,0.0150466710329055
logQ,Early,5,15,-24,-14,0.0154401324689388
logQ,Early,5,16,-24,-13,0.0159658771008253
logQ,Early,5,17,-24,-12,0.0166561529040336
logQ,Early,5,18,-24,-11,0.0175581742078065
logQ,Early,5,19,-24,-10,0.0187406316399574
logQ,Early,5,20,-24,-9,0.02030486240983
logQ,Early,5,21,-24,-8,0.0224032681435346
logQ,Early,5,22,-24,-7,0.0252708010375499
logQ,Early,5,23,-24,-6,0.0292814150452613
logQ,Early,5,24,-24,-5,0.0350516028702259
logQ,Early,5,25,-24,-4,0.0436414256691932
logQ,Early,5,26,-24,-3,0.0569648295640945
logQ,Early,5,27,-24,-2,0.0786837637424469
logQ,Early,5,28,-24,-1,0.116294614970684
logQ,Early,5,29,-24,0,0.1863006204366684
logQ,Early,6,0,-23,-29,0.0521231517195701
logQ,Early,6,1,-23,-28,0.0342808105051517
logQ,Early,6,2,-23,-27,0.0256547294557094
logQ,Early,6,3,-23,-26,0.0210405886173248
logQ,Early,6,4,-23,-25,0.0183773580938577
logQ,Early,6,5,-23,-24,0.0167541373521089
logQ,Early,6,6,-23,-23,0.015730146318674
logQ,Early,6,7,-23,-22,0.0150758773088455
logQ,Early,6,8,-23,-21,0.0146648958325386
logQ,Early,6,9,-23,-20,0.0144249275326728
logQ,Early,6,10,-23,-19,0.0143141048029065
logQ,Early,6,11,-23,-18,0.0143090719357132
logQ,Early,6,12,-23,-17,0.0143985422328114
logQ,Early,6,13,-23,-16,0.0145802404731512
logQ,Early,6,14,-23,-15,0.0148595133796334
logQ,Early,6,15,-23,-14,0.0152491265907883
logQ,Early,6,16,-23,-13,0.0157703962177038
logQ,Early,6,17,-23,-12,0.0164555814117193
logQ,Early,6,18,-23,-11,0.0173517987132072
logQ,Early,6,19,-23,-10,0.0185278840363025
logQ,Early,6,20,-23,-9,0.0200853664427995
logQ,Early,6,21,-23,-8,0.0221772752702236
logQ,Early,6,22,-23,-7,0.0250400155782699
logQ,Early,6,23,-23,-6,0.0290504582226276
logQ,Early,6,24,-23,-5,0.0348316803574562
logQ,Early,6,25,-23,-4,0.0434581413865089
logQ,Early,6,26,-23,-3,0.0568773820996284
logQ,Early,6,27,-23,-2,0.0788339301943779
logQ,Early,6,28,-23,-1,0.1170454621315002
logQ,Early,6,29,-23,0,0.1886573731899261
logQ,Early,7,0,-22,-29,0.0528172999620437
logQ,Early,7,1,-22,-28,0.0344680286943912
logQ,Early,7,2,-22,-27,0.0256603360176086
logQ,Early,7,3,-22,-26,0.0209746342152357
logQ,Early,7,4,-22,-25,0.0182809866964817
logQ,Early,7,5,-22,-24,0.0166439693421125
logQ,Early,7,6,-22,-23,0.015613310970366
logQ,Early,7,7,-22,-22,0.0149555020034313
logQ,Early,7,8,-22,-21,0.0145423347130417
logQ,Early,7,9,-22,-20,0.0143007300794124
logQ,Early,7,10,-22,-19,0.0141884414479136
logQ,Early,7,11,-22,-18,0.0141818458214402
logQ,Early,7,12,-22,-17,0.014269582927227
logQ,Early,7,13,-22,-16,0.0144493132829666
logQ,Early,7,14,-22,-15,0.0147262345999479
logQ,Early,7,15,-22,-14,0.0151131134480237
logQ,Early,7,16,-22,-13,0.0156312454491853
logQ,Early,7,17,-22,-12,0.0163127910345792
logQ,Early,7,18,-22,-11,0.0172048769891262
logQ,Early,7,19,-22,-10,0.0183763336390256
logQ,Early,7,20,-22,-9,0.019928878173232
logQ,Early,7,21,-22,-8,0.022015867754817
logQ,Early,7,22,-22,-7,0.0248746145516634
logQ,Early,7,23,-22,-6,0.028883934020996
logQ,Early,7,24,-22,-5,0.034671276807785
logQ,Early,7,25,-22,-4,0.0433208048343658
logQ,Early,7,26,-22,-3,0.0568031817674636
logQ,Early,7,27,-22,-2,0.0789212211966514
logQ,Early,7,28,-22,-1,0.1175525188446044
logQ,Early,7,29,-22,0,0.1903168112039566
logQ,Early,8,0,-21,-29,0.0533725805580616
logQ,Early,8,1,-21,-28,0.034622423350811
logQ,Early,8,2,-21,-27,0.0256722997874021
logQ,Early,8,3,-21,-26,0.0209308732300996
logQ,Early,8,4,-21,-25,0.0182137228548526
logQ,Early,8,5,-21,-24,0.0165661629289388
logQ,Early,8,6,-21,-23,0.0155304931104183
logQ,Early,8,7,-21,-22,0.0148700550198555
logQ,Early,8,8,-21,-21,0.0144553603604435
logQ,Early,8,9,-21,-20,0.0142126316204667
logQ,Early,8,10,-21,-19,0.0140993427485227
logQ,Early,8,11,-21,-18,0.0140917021781206
logQ,Early,8,12,-21,-17,0.0141782965511083
logQ,Early,8,13,-21,-16,0.0143566578626632
logQ,Early,8,14,-21,-15,0.0146320080384612
logQ,Early,8,15,-21,-14,0.015017076395452
logQ,Early,8,16,-21,-13,0.0155330738052725
logQ,Early,8,17,-21,-12,0.0162121634930372
logQ,Early,8,18,-21,-11,0.0171014443039894
logQ,Early,8,19,-21,-10,0.0182697568088769
logQ,Early,8,20,-21,-9,0.0198189280927181
logQ,Early,8,21,-21,-8,0.0219024997204542
logQ,Early,8,22,-21,-7,0.0247583426535129
logQ,Early,8,23,-21,-6,0.028766581788659
logQ,Early,8,24,-21,-5,0.0345572978258132
logQ,Early,8,25,-21,-4,0.0432211868464946
logQ,Early,8,26,-21,-3,0.0567440539598465
logQ,Early,8,27,-21,-2,0.0789684578776359
logQ,Early,8,28,-21,-1,0.1178825572133064
logQ,Early,8,29,-21,0,0.1914419084787368
logQ,Early,9,0,-20,-29,0.0538245923817157
logQ,Early,9,1,-20,-28,0.0347536243498325
logQ,Early,9,2,-20,-27,0.0256901457905769
logQ,Early,9,3,-20,-26,0.0209045223891735
logQ,Early,9,4,-20,-25,0.0181688424199819
logQ,Early,9,5,-20,-24,0.0165130160748958
logQ,Early,9,6,-20,-23,0.0154734356328845
logQ,Early,9,7,-20,-22,0.0148110687732696
logQ,Early,9,8,-20,-21,0.0143952397629618
logQ,Early,9,9,-20,-20,0.0141517361626029
logQ,Early,9,10,-20,-19,0.0140377795323729
logQ,Early,9,11,-20,-18,0.0140294730663299
logQ,Early,9,12,-20,-17,0.0141153270378708
logQ,Early,9,13,-20,-16,0.014292842708528
logQ,Early,9,14,-20,-15,0.0145672028884291
logQ,Early,9,15,-20,-14,0.0149511080235242
logQ,Early,9,16,-20,-13,0.0154657941311597
logQ,Early,9,17,-20,-12,0.0161433853209018
logQ,Early,9,18,-20,-11,0.0170309729874134
logQ,Early,9,19,-20,-10,0.0181973930448293
logQ,Early,9,20,-20,-9,0.0197445359081029
logQ,Early,9,21,-20,-8,0.0218260884284973
logQ,Early,9,22,-20,-7,0.0246802400797605
logQ,Early,9,23,-20,-6,0.0286877937614917
logQ,Early,9,24,-20,-5,0.034480545669794
logQ,Early,9,25,-20,-4,0.0431529097259044
logQ,Early,9,26,-20,-3,0.056700125336647
logQ,Early,9,27,-20,-2,0.0789890959858894
logQ,Early,9,28,-20,-1,0.1180784925818443
logQ,Early,9,29,-20,0,0.1921427398920059
logQ,Early,10,0,-19,-29,0.0541987977921962
logQ,Early,10,1,-19,-28,0.034868586808443
logQ,Early,10,2,-19,-27,0.025713738054037
logQ,Early,10,3,-19,-26,0.0208925753831863
logQ,Early,10,4,-19,-25,0.018141945824027
logQ,Early,10,5,-19,-24,0.0164795238524675
logQ,Early,10,6,-19,-23,0.0154368625953793
logQ,Early,10,7,-19,-22,0.0147729758173227
logQ,Early,10,8,-19,-21,0.0143563039600849
logQ,Early,10,9,-19,-20,0.0141123048961162
logQ,Early,10,10,-19,-19,0.0139979375526309
logQ,Early,10,11,-19,-18,0.013989245519042
logQ,Early,10,12,-19,-17,0.0140746710821986
logQ,Early,10,13,-19,-16,0.0142517536878585
logQ,Early,10,14,-19,-15,0.0145256081596016
logQ,Early,10,15,-19,-14,0.0149089358747005
logQ,Early,10,16,-19,-13,0.0154229821637272
logQ,Early,10,17,-19,-12,0.0160998441278934
logQ,Early,10,18,-19,-11,0.0169866643846035
logQ,Early,10,19,-19,-10,0.0181522537022829
logQ,Early,10,20,-19,-9,0.0196985490620136
logQ,Early,10,21,-19,-8,0.0217793174088001
logQ,Early,10,22,-19,-7,0.0246328972280025
logQ,Early,10,23,-19,-6,0.0286404397338628
logQ,Early,10,24,-19,-5,0.0344344936311244
logQ,Early,10,25,-19,-4,0.0431112982332706
logQ,Early,10,26,-19,-3,0.056670393794775
logQ,Early,10,27,-19,-2,0.0789908766746521
logQ,Early,10,28,-19,-1,0.1181675195693969
logQ,Early,10,29,-19,0,0.1924906820058822
logQ,Early,11,0,-18,-29,0.0545133426785469
logQ,Early,11,1,-18,-28,0.0349724330008029
logQ,Early,11,2,-18,-27,0.025743281468749
logQ,Early,11,3,-18,-26,0.0208931937813758
logQ,Early,11,4,-18,-25,0.0181304272264242
logQ,Early,11,5,-18,-24,0.016462592408061
logQ,Early,11,6,-18,-23,0.0154174333438277
logQ,Early,11,7,-18,-22,0.0147523200139403
logQ,Early,11,8,-18,-21,0.0143350902944803
logQ,Early,11,9,-18,-20,0.0140907373279333
logQ,Early,11,10,-18,-19,0.0139761678874492
logQ,Early,11,11,-18,-18,0.013967340812087
logQ,Early,11,12,-18,-17,0.0140526453033089
logQ,Early,11,13,-18,-16,0.0142295993864536
logQ,Early,11,14,-18,-15,0.0145033551380038
logQ,Early,11,15,-18,-14,0.0148866064846515
logQ,Early,11,16,-18,-13,0.0154005866497755
logQ,Early,11,17,-18,-12,0.016077421605587
logQ,Early,11,18,-18,-11,0.0169642660766839
logQ,Early,11,19,-18,-10,0.0181299839168787
logQ,Early,11,20,-18,-9,0.01967647485435
logQ,Early,11,21,-18,-8,0.0217575784772634
logQ,Early,11,22,-18,-7,0.0246116947382688
logQ,Early,11,23,-18,-6,0.0286199357360601
logQ,Early,11,24,-18,-5,0.034414954483509
logQ,Early,11,25,-18,-4,0.0430929884314537
logQ,Early,11,26,-18,-3,0.0566539205610752
logQ,Early,11,27,-18,-2,0.0789779424667358
logQ,Early,11,28,-18,-1,0.1181654632091522
logQ,Early,11,29,-18,0,0.1925301998853683
logQ,Early,12,0,-17,-29,0.0547809228301048
logQ,Early,12,1,-17,-28,0.035068891942501
logQ,Early,12,2,-17,-27,0.0257793143391609
logQ,Early,12,3,-17,-26,0.0209055487066507
logQ,Early,12,4,-17,-25,0.0181327648460865
logQ,Early,12,5,-17,-24,0.0164604764431715
logQ,Early,12,6,-17,-23,0.0154132395982742
logQ,Early,12,7,-17,-22,0.0147472005337476
logQ,Early,12,8,-17,-21,0.014329532161355
logQ,Early,12,9,-17,-20,0.0140850264579057
logQ,Early,12,10,-17,-19,0.0139704477041959
logQ,Early,12,11,-17,-18,0.0139616709202528
logQ,Early,12,12,-17,-17,0.0140471253544092
logQ,Early,12,13,-17,-16,0.0142242740839719
logQ,Early,12,14,-17,-15,0.0144983045756816
logQ,Early,12,15,-17,-14,0.0148819200694561
logQ,Early,12,16,-17,-13,0.0153963500633835
logQ,Early,12,17,-17,-12,0.0160738248378038
logQ,Early,12,18,-17,-11,0.0169614236801862
logQ,Early,12,19,-17,-10,0.0181281007826328
logQ,Early,12,20,-17,-9,0.01967578753829
logQ,Early,12,21,-17,-8,0.0217582862824201
logQ,Early,12,22,-17,-7,0.0246138833463192
logQ,Early,12,23,-17,-6,0.0286235772073268
logQ,Early,12,24,-17,-5,0.0344193056225776
logQ,Early,12,25,-17,-4,0.0430959053337574
logQ,Early,12,26,-17,-3,0.0566496737301349
logQ,Early,12,27,-17,-2,0.0789520442485809
logQ,Early,12,28,-17,-1,0.1180802658200264
logQ,Early,12,29,-17,0,0.192284807562828
logQ,Early,13,0,-16,-29,0.0550104230642318
logQ,Early,13,1,-16,-28,0.0351609922945499
logQ,Early,13,2,-16,-27,0.0258225444704294
logQ,Early,13,3,-16,-26,0.0209294892847538
logQ,Early,13,4,-16,-25,0.0181484781205654
logQ,Early,13,5,-16,-24,0.0164724700152874
logQ,Early,13,6,-16,-23,0.0154235456138849
logQ,Early,13,7,-16,-22,0.0147567568346858
logQ,Early,13,8,-16,-21,0.0143388248980045
logQ,Early,13,9,-16,-20,0.0140943108126521
logQ,Early,13,10,-16,-19,0.0139798810705542
logQ,Early,13,11,-16,-18,0.0139714041724801
logQ,Early,13,12,-16,-17,0.0140572348609566
logQ,Early,13,13,-16,-16,0.0142348678782582
logQ,Early,13,14,-16,-15,0.0145095512270927
logQ,Early,13,15,-16,-14,0.0148939220234751
logQ,Early,13,16,-16,-13,0.0154093718156218
logQ,Early,13,17,-16,-12,0.0160880479961633
logQ,Early,13,18,-16,-11,0.01697713509202
logQ,Early,13,19,-16,-10,0.0181455984711647
logQ,Early,13,20,-16,-9,0.0196953862905502
logQ,Early,13,21,-16,-8,0.0217802487313747
logQ,Early,13,22,-16,-7,0.0246383249759674
logQ,Early,13,23,-16,-6,0.0286500863730907
logQ,Early,13,24,-16,-5,0.0344463028013706
logQ,Early,13,25,-16,-4,0.0431188307702541
logQ,Early,13,26,-16,-3,0.0566566884517669
logQ,Early,13,27,-16,-2,0.0789128988981247
logQ,Early,13,28,-16,-1,0.1179140359163284
logQ,Early,13,29,-16,0,0.1917622238397598
logQ,Early,14,0,-15,-29,0.0552078410983085
logQ,Early,14,1,-15,-28,0.0352510549128055
logQ,Early,14,2,-15,-27,0.0258740484714508
logQ,Early,14,3,-15,-26,0.0209655277431011
logQ,Early,14,4,-15,-25,0.0181778017431497
logQ,Early,14,5,-15,-24,0.0164987444877624
logQ,Early,14,6,-15,-23,0.0154484342783689
logQ,Early,14,7,-15,-22,0.0147810680791735
logQ,Early,14,8,-15,-21,0.0143630383536219
logQ,Early,14,9,-15,-20,0.014118674211204
logQ,Early,14,10,-15,-19,0.0140045881271362
logQ,Early,14,11,-15,-18,0.0139965936541557
logQ,Early,14,12,-15,-17,0.0140830697491765
logQ,Early,14,13,-15,-16,0.0142615353688597
logQ,Early,14,14,-15,-15,0.0145371984690427
logQ,Early,14,15,-15,-14,0.014922821894288
logQ,Early,14,16,-15,-13,0.0154397692531347
logQ,Early,14,17,-15,-12,0.016120258718729
logQ,Early,14,18,-15,-11,0.017011534422636
logQ,Early,14,19,-15,-10,0.0181825701147317
logQ,Early,14,20,-15,-9,0.0197353679686784
logQ,Early,14,21,-15,-8,0.0218235589563846
logQ,Early,14,22,-15,-7,0.0246850028634071
logQ,Early,14,23,-15,-6,0.0286994352936744
logQ,Early,14,24,-15,-5,0.0344957076013088
logQ,Early,14,25,-15,-4,0.043161254376173
logQ,Early,14,26,-15,-3,0.0566741414368152
logQ,Early,14,27,-15,-2,0.0788588672876358
logQ,Early,14,28,-15,-1,0.1176636219024658
logQ,Early,14,29,-15,0,0.1909570842981338
logQ,Early,15,0,-14,-29,0.0553763508796691
logQ,Early,15,1,-14,-28,0.0353410951793193
logQ,Early,15,2,-14,-27,0.0259351916611194
logQ,Early,15,3,-14,-26,0.0210147928446531
logQ,Early,15,4,-14,-25,0.0182217098772525
logQ,Early,15,5,-14,-24,0.016540179029107
logQ,Early,15,6,-14,-23,0.0154887996613979
logQ,Early,15,7,-14,-22,0.0148210385814309
logQ,Early,15,8,-14,-21,0.014403024688363
logQ,Early,15,9,-14,-20,0.0141590014100074
logQ,Early,15,10,-14,-19,0.0140454601496458
logQ,Early,15,11,-14,-18,0.0140381939709186
logQ,Early,15,12,-14,-17,0.014125594869256
logQ,Early,15,13,-14,-16,0.0143052218481898
logQ,Early,15,14,-14,-15,0.0145822875201702
logQ,Early,15,15,-14,-14,0.0149695901200175
logQ,Early,15,16,-14,-13,0.0154885938391089
logQ,Early,15,17,-14,-12,0.0161715224385261
logQ,Early,15,18,-14,-11,0.017065716907382
logQ,Early,15,19,-14,-10,0.0182401742786169
logQ,Early,15,20,-14,-9,0.0197968613356351
logQ,Early,15,21,-14,-8,0.021889328956604
logQ,Early,15,22,-14,-7,0.0247550010681152
logQ,Early,15,23,-14,-6,0.0287725180387496
logQ,Early,15,24,-14,-5,0.0345682315528392
logQ,Early,15,25,-14,-4,0.0432234406471252
logQ,Early,15,26,-14,-3,0.0567011721432209
logQ,Early,15,27,-14,-2,0.078786976635456
logQ,Early,15,28,-14,-1,0.1173210516571998
logQ,Early,15,29,-14,0,0.1898518502712249
logQ,Early,16,0,-13,-29,0.0555176846683025
logQ,Early,16,1,-13,-28,0.0354327894747257
logQ,Early,16,2,-13,-27,0.0260077323764562
logQ,Early,16,3,-13,-26,0.0210789423435926
logQ,Early,16,4,-13,-25,0.0182819347828626
logQ,Early,16,5,-13,-24,0.0165985040366649
logQ,Early,16,6,-13,-23,0.0155462734401226
logQ,Early,16,7,-13,-22,0.0148783363401889
logQ,Early,16,8,-13,-21,0.0144605422392487
logQ,Early,16,9,-13,-20,0.0142170190811157
logQ,Early,16,10,-13,-19,0.0141042424365878
logQ,Early,16,11,-13,-18,0.0140979867428541
logQ,Early,16,12,-13,-17,0.0141866393387317
logQ,Early,16,13,-13,-16,0.0143677834421396
logQ,Early,16,14,-13,-15,0.0146467052400112
logQ,Early,16,15,-13,-14,0.0150362234562635
logQ,Early,16,16,-13,-13,0.0155578311532735
logQ,Early,16,17,-13,-12,0.016243889927864
logQ,Early,16,18,-13,-11,0.0171417687088251
logQ,Early,16,19,-13,-10,0.0183205138891935
logQ,Early,16,20,-13,-9,0.0198820475488901
logQ,Early,16,21,-13,-8,0.0219797454774379
logQ,Early,16,22,-13,-7,0.0248504150658845
logQ,Early,16,23,-13,-6,0.0288713164627552
logQ,Early,16,24,-13,-5,0.0346654132008552
logQ,Early,16,25,-13,-4,0.0433060489594936
logQ,Early,16,26,-13,-3,0.0567366853356361
logQ,Early,16,27,-13,-2,0.0786924734711647
logQ,Early,16,28,-13,-1,0.1168742850422859
logQ,Early,16,29,-13,0,0.1884182244539261
logQ,Early,17,0,-12,-29,0.0556309446692466
logQ,Early,17,1,-12,-28,0.0355276353657245
logQ,Early,17,2,-12,-27,0.0260938517749309
logQ,Early,17,3,-12,-26,0.0211604684591293
logQ,Early,17,4,-12,-25,0.0183609314262866
logQ,Early,17,5,-12,-24,0.0166762080043554
logQ,Early,17,6,-12,-23,0.0156234567984938
logQ,Early,17,7,-12,-22,0.0149555373936891
logQ,Early,17,8,-12,-21,0.0145381381735205
logQ,Early,17,9,-12,-20,0.0142953796312212
logQ,Early,17,10,-12,-19,0.0141835864633321
logQ,Early,17,11,-12,-18,0.0141786588355898
logQ,Early,17,12,-12,-17,0.0142689384520053
logQ,Early,17,13,-12,-16,0.0144520383328199
logQ,Early,17,14,-12,-15,0.0147332744672894
logQ,Early,17,15,-12,-14,0.0151255829259753
logQ,Early,17,16,-12,-13,0.0156504809856414
logQ,Early,17,17,-12,-12,0.0163404196500778
logQ,Early,17,18,-12,-11,0.0172428004443645
logQ,Early,17,19,-12,-10,0.0184267591685056
logQ,Early,17,20,-12,-9,0.0199940986931324
logQ,Early,17,21,-12,-8,0.0220979563891887
logQ,Early,17,22,-12,-7,0.024974325671792
logQ,Early,17,23,-12,-6,0.0289986692368984
logQ,Early,17,24,-12,-5,0.0347895696759223
logQ,Early,17,25,-12,-4,0.0434101782739162
logQ,Early,17,26,-12,-3,0.056779358536005
logQ,Early,17,27,-12,-2,0.0785688236355781
logQ,Early,17,28,-12,-1,0.1163058131933212
logQ,Early,17,29,-12,0,0.1866161227226257
logQ,Early,18,0,-11,-29,0.0557137466967105
logQ,Early,18,1,-11,-28,0.0356271751224994
logQ,Early,18,2,-11,-27,0.0261963214725255
logQ,Early,18,3,-11,-26,0.0212625544518232
logQ,Early,18,4,-11,-25,0.0184621326625347
logQ,Early,18,5,-11,-24,0.0167768038809299
logQ,Early,18,6,-11,-23,0.0157238524407148
logQ,Early,18,7,-11,-22,0.0150561826303601
logQ,Early,18,8,-11,-21,0.0146394362673163
logQ,Early,18,9,-11,-20,0.0143976332619786
logQ,Early,18,10,-11,-19,0.014287207275629
logQ,Early,18,11,-11,-18,0.0142839532345533
logQ,Early,18,12,-11,-17,0.0143762780353426
logQ,Early,18,13,-11,-16,0.0145618235692381
logQ,Early,18,14,-11,-15,0.0148459691554307
logQ,Early,18,15,-11,-14,0.0152417020872235
logQ,Early,18,16,-11,-13,0.0157706383615732
logQ,Early,18,17,-11,-12,0.0164652727544307
logQ,Early,18,18,-11,-11,0.0173731185495853
logQ,Early,18,19,-11,-10,0.018563225865364
logQ,Early,18,20,-11,-9,0.0201374161988496
logQ,Early,18,21,-11,-8,0.0222483500838279
logQ,Early,18,22,-11,-7,0.0251310188323259
logQ,Early,18,23,-11,-6,0.0291584320366382
logQ,Early,18,24,-11,-5,0.0349437333643436
logQ,Early,18,25,-11,-4,0.043537251651287
logQ,Early,18,26,-11,-3,0.0568270422518253
logQ,Early,18,27,-11,-2,0.0784068927168846
logQ,Early,18,28,-11,-1,0.1155920922756195
logQ,Early,18,29,-11,0,0.1843926906585693
logQ,Early,19,0,-10,-29,0.0557611621916294
logQ,Early,19,1,-10,-28,0.0357326827943325
logQ,Early,19,2,-10,-27,0.0263186208903789
logQ,Early,19,3,-10,-26,0.0213894769549369
logQ,Early,19,4,-10,-25,0.0185901131480932
logQ,Early,19,5,-10,-24,0.0169049724936485
logQ,Early,19,6,-10,-23,0.015852278098464
logQ,Early,19,7,-10,-22,0.0151851018890738
logQ,Early,19,8,-10,-21,0.0147692644968628
logQ,Early,19,9,-10,-20,0.0145287774503231
logQ,Early,19,10,-10,-19,0.0144200678914785
logQ,Early,19,11,-10,-18,0.0144189298152923
logQ,Early,19,12,-10,-17,0.0145137943327426
logQ,Early,19,13,-10,-16,0.0147023545578122
logQ,Early,19,14,-10,-15,0.0149900801479816
logQ,Early,19,15,-10,-14,0.0153899919241666
logQ,Early,19,16,-10,-13,0.0159237682819366
logQ,Early,19,17,-10,-12,0.0166240613907575
logQ,Early,19,18,-10,-11,0.017538346350193
logQ,Early,19,19,-10,-10,0.0187357421964406
logQ,Early,19,20,-10,-9,0.0203178059309721
logQ,Early,19,21,-10,-8,0.0224366504698991
logQ,Early,19,22,-10,-7,0.0253259781748056
logQ,Early,19,23,-10,-6,0.0293556153774261
logQ,Early,19,24,-10,-5,0.0351317226886749
logQ,Early,19,25,-10,-4,0.0436886735260486
logQ,Early,19,26,-10,-3,0.0568766333162784
logQ,Early,19,27,-10,-2,0.0781943798065185
logQ,Early,19,28,-10,-1,0.1147021874785423
logQ,Early,19,29,-10,0,0.1816806048154831
logQ,Early,20,0,-9,-29,0.0557657591998577
logQ,Early,20,1,-9,-28,0.03584561124444
logQ,Early,20,2,-9,-27,0.0264652296900749
logQ,Early,20,3,-9,-26,0.0215468518435955
logQ,Early,20,4,-9,-25,0.0187509506940841
logQ,Early,20,5,-9,-24,0.0170670337975025
logQ,Early,20,6,-9,-23,0.0160150490701198
logQ,Early,20,7,-9,-22,0.0153488107025623
logQ,Early,20,8,-9,-21,0.0149342035874724
logQ,Early,20,9,-9,-20,0.0146954245865345
logQ,Early,20,10,-9,-19,0.0145888514816761
logQ,Early,20,11,-9,-18,0.0145903248339891
logQ,Early,20,12,-9,-17,0.0146883334964513
logQ,Early,20,13,-9,-16,0.0148806227371096
logQ,Early,20,14,-9,-15,0.0151726538315415
logQ,Early,20,15,-9,-14,0.0155775994062423
logQ,Early,20,16,-9,-13,0.0161172021180391
logQ,Early,20,17,-9,-12,0.0168241485953331
logQ,Early,20,18,-9,-11,0.017746003344655
logQ,Early,20,19,-9,-10,0.0189517959952354
logQ,Early,20,20,-9,-9,0.0205427724868059
logQ,Early,20,21,-9,-8,0.0226703062653541
logQ,Early,20,22,-9,-7,0.0255662314593791
logQ,Early,20,23,-9,-6,0.0295963902026414
logQ,Early,20,24,-9,-5,0.0353580862283706
logQ,Early,20,25,-9,-4,0.0438658259809017
logQ,Early,20,26,-9,-3,0.056923259049654
logQ,Early,20,27,-9,-2,0.0779139548540115
logQ,Early,20,28,-9,-1,0.1135953068733215
logQ,Early,20,29,-9,0,0.1783953756093979
logQ,Early,21,0,-8,-29,0.055716224014759
logQ,Early,21,1,-8,-28,0.0359672345221042
logQ,Early,21,2,-8,-27,0.0266418028622865
logQ,Early,21,3,-8,-26,0.0217420477420091
logQ,Early,21,4,-8,-25,0.0189526975154876
logQ,Early,21,5,-8,-24,0.0172713287174701
logQ,Early,21,6,-8,-23,0.016220798715949
logQ,Early,21,7,-8,-22,0.0155559005215764
logQ,Early,21,8,-8,-21,0.0151429949328303
logQ,Early,21,9,-8,-20,0.0149063486605882
logQ,Early,21,10,-8,-19,0.0148024577647447
logQ,Early,21,11,-8,-18,0.0148071870207786
logQ,Early,21,12,-8,-17,0.0149090457707643
logQ,Early,21,13,-8,-16,0.0151058081537485
logQ,Early,21,14,-8,-15,0.0154030695557594
logQ,Early,21,15,-8,-14,0.0158140230923891
logQ,Early,21,16,-8,-13,0.0163605250418186
logQ,Early,21,17,-8,-12,0.0170752871781587
logQ,Early,21,18,-8,-11,0.0180058944970369
logQ,Early,21,19,-8,-10,0.0192212052643299
logQ,Early,21,20,-8,-9,0.0208220910280942
logQ,Early,21,21,-8,-8,0.0229587219655513
logQ,Early,21,22,-8,-7,0.0258605573326349
logQ,Early,21,23,-8,-6,0.0298882592469453
logQ,Early,21,24,-8,-5,0.0356279425323009
logQ,Early,21,25,-8,-4,0.0440692752599716
logQ,Early,21,26,-8,-3,0.0569588132202625
logQ,Early,21,27,-8,-2,0.0775420218706131
logQ,Early,21,28,-8,-1,0.1122185066342353
logQ,Early,21,29,-8,0,0.1744319647550583
logQ,Early,22,0,-7,-29,0.0555968284606933
logQ,Early,22,1,-7,-28,0.0360988564789295
logQ,Early,22,2,-7,-27,0.026855768635869
logQ,Early,22,3,-7,-26,0.0219848845154047
logQ,Early,22,4,-7,-25,0.0192061848938465
logQ,Early,22,5,-7,-24,0.0175291690975427
logQ,Early,22,6,-7,-23,0.0164809860289096
logQ,Early,22,7,-7,-22,0.0158180929720401
logQ,Early,22,8,-7,-21,0.015407427214086
logQ,Early,22,9,-7,-20,0.0151735143736004
logQ,Early,22,10,-7,-19,0.0150729538872838
logQ,Early,22,11,-7,-18,0.0150816533714532
logQ,Early,22,12,-7,-17,0.0151881594210863
logQ,Early,22,13,-7,-16,0.0153903542086482
logQ,Early,22,14,-7,-15,0.0156938321888446
logQ,Early,22,15,-7,-14,0.0161119047552347
logQ,Early,22,16,-7,-13,0.0166664719581604
logQ,Early,22,17,-7,-12,0.0173902921378612
logQ,Early,22,18,-7,-11,0.0183308608829975
logQ,Early,22,19,-7,-10,0.0195567794144153
logQ,Early,22,20,-7,-9,0.0211682189255952
logQ,Early,22,21,-7,-8,0.0233138240873813
logQ,Early,22,22,-7,-7,0.0262198541313409
logQ,Early,22,23,-7,-6,0.0302401706576347
logQ,Early,22,24,-7,-5,0.035946600139141
logQ,Early,22,25,-7,-4,0.0442978888750076
logQ,Early,22,26,-7,-3,0.0569708943367004
logQ,Early,22,27,-7,-2,0.0770452171564102
logQ,Early,22,28,-7,-1,0.1105018854141235
logQ,Early,22,29,-7,0,0.169660598039627
logQ,Early,23,0,-6,-29,0.055385485291481
logQ,Early,23,1,-6,-28,0.0362415947020053
logQ,Early,23,2,-6,-27,0.0271167606115341
logQ,Early,23,3,-6,-26,0.0222884267568588
logQ,Early,23,4,-6,-25,0.0195259768515825
logQ,Early,23,5,-6,-24,0.0178558267652988
logQ,Early,23,6,-6,-23,0.0168113335967063
logQ,Early,23,7,-6,-22,0.0161512698978185
logQ,Early,23,8,-6,-21,0.0157435536384582
logQ,Early,23,9,-6,-20,0.0155131109058856
logQ,Early,23,10,-6,-19,0.0154166389256715
logQ,Early,23,11,-6,-18,0.0154301701113581
logQ,Early,23,12,-6,-17,0.0155423078685998
logQ,Early,23,13,-6,-16,0.0157509371638298
logQ,Early,23,14,-6,-15,0.0160617958754301
logQ,Early,23,15,-6,-14,0.0164881628006696
logQ,Early,23,16,-6,-13,0.0170520264655351
logQ,Early,23,17,-6,-12,0.0177861060947179
logQ,Early,23,18,-6,-11,0.0187377240508794
logQ,Early,23,19,-6,-10,0.019975084811449
logQ,Early,23,20,-6,-9,0.0215971767902374
logQ,Early,23,21,-6,-8,0.0237506311386823
logQ,Early,23,22,-6,-7,0.0266573186963796
logQ,Early,23,23,-6,-6,0.0306622330099344
logQ,Early,23,24,-6,-5,0.0363189242780208
logQ,Early,23,25,-6,-4,0.0445474386215209
logQ,Early,23,26,-6,-3,0.0569394268095493
logQ,Early,23,27,-6,-2,0.0763766914606094
logQ,Early,23,28,-6,-1,0.1083534881472587
logQ,Early,23,29,-6,0,0.1639223247766494
logQ,Early,24,0,-5,-29,0.0550515204668045
logQ,Early,24,1,-5,-28,0.0363959819078445
logQ,Early,24,2,-5,-27,0.0274372808635234
logQ,Early,24,3,-5,-26,0.0226701814681291
logQ,Early,24,4,-5,-25,0.0199318770319223
logQ,Early,24,5,-5,-24,0.0182722099125385
logQ,Early,24,6,-5,-23,0.0172332730144262
logQ,Early,24,7,-5,-22,0.0165772475302219
logQ,Early,24,8,-5,-21,0.0161734744906425
logQ,Early,24,9,-5,-20,0.0159473642706871
logQ,Early,24,10,-5,-19,0.0158559400588274
logQ,Early,24,11,-5,-18,0.0158753041177988
logQ,Early,24,12,-5,-17,0.0159941315650939
logQ,Early,24,13,-5,-16,0.0162103660404682
logQ,Early,24,14,-5,-15,0.0165297631174325
logQ,Early,24,15,-5,-14,0.0169656593352556
logQ,Early,24,16,-5,-13,0.01753999479115
logQ,Early,24,17,-5,-12,0.0182853713631629
logQ,Early,24,18,-5,-11,0.0192487519234418
logQ,Early,24,19,-5,-10,0.0204975865781307
logQ,Early,24,20,-5,-9,0.0221293997019529
logQ,Early,24,21,-5,-8,0.02428774908185
logQ,Early,24,22,-5,-7,0.0271885357797145
logQ,Early,24,23,-5,-6,0.0311650950461626
logQ,Early,24,24,-5,-5,0.0367475859820842
logQ,Early,24,25,-5,-4,0.0448076277971267
logQ,Early,24,26,-5,-3,0.0568327084183692
logQ,Early,24,27,-5,-2,0.0754697099328041
logQ,Early,24,28,-5,-1,0.1056527346372604
logQ,Early,24,29,-5,0,0.1570256799459457
logQ,Early,25,0,-4,-29,0.0545524321496486
logQ,Early,25,1,-4,-28,0.0365615561604499
logQ,Early,25,2,-4,-27,0.0278336908668279
logQ,Early,25,3,-4,-26,0.0231536980718374
logQ,Early,25,4,-4,-25,0.0204508304595947
logQ,Early,25,5,-4,-24,0.0188070014119148
logQ,Early,25,6,-4,-23,0.0177764594554901
logQ,Early,25,7,-4,-22,0.0171262510120868
logQ,Early,25,8,-4,-21,0.0167276840656995
logQ,Early,25,9,-4,-20,0.0165071003139019
logQ,Early,25,10,-4,-19,0.0164218246936798
logQ,Early,25,11,-4,-18,0.0164481271058321
logQ,Early,25,12,-4,-17,0.0165747683495283
logQ,Early,25,13,-4,-16,0.016799759119749
logQ,Early,25,14,-4,-15,0.0171288065612316
logQ,Early,25,15,-4,-14,0.0175752360373735
logQ,Early,25,16,-4,-13,0.0181608498096466
logQ,Early,25,17,-4,-12,0.0189179796725511
logQ,Early,25,18,-4,-11,0.0198929663747549
logQ,Early,25,19,-4,-10,0.0211519971489906
logQ,Early,25,20,-4,-9,0.0227903891354799
logQ,Early,25,21,-4,-8,0.0249473080039024
logQ,Early,25,22,-4,-7,0.0278306435793638
logQ,Early,25,23,-4,-6,0.0317582264542579
logQ,Early,25,24,-4,-5,0.0372300595045089
logQ,Early,25,25,-4,-4,0.0450570583343505
logQ,Early,25,26,-4,-3,0.0566000938415527
logQ,Early,25,27,-4,-2,0.0742290914058685
logQ,Early,25,28,-4,-1,0.1022416055202484
logQ,Early,25,29,-4,0,0.1487465500831604
logQ,Early,26,0,-3,-29,0.0538309775292873
logQ,Early,26,1,-3,-28,0.0367355979979038
logQ,Early,26,2,-3,-27,0.0283264052122831
logQ,Early,26,3,-3,-26,0.0237703025341033
logQ,Early,26,4,-3,-25,0.0211194511502981
logQ,Early,26,5,-3,-24,0.0194996111094951
logQ,Early,26,6,-3,-23,0.0184818226844072
logQ,Early,26,7,-3,-22,0.0178400725126266
logQ,Early,26,8,-3,-21,0.0174485556781291
logQ,Early,26,9,-3,-20,0.0172349344938993
logQ,Early,26,10,-3,-19,0.0171570740640163
logQ,Early,26,11,-3,-18,0.0171914845705032
logQ,Early,26,12,-3,-17,0.0173269920051097
logQ,Early,26,13,-3,-16,0.0175616014748811
logQ,Early,26,14,-3,-15,0.0179010219871997
logQ,Early,26,15,-3,-14,0.0183583982288837
logQ,Early,26,16,-3,-13,0.0189551841467618
logQ,Early,26,17,-3,-12,0.0197231359779834
logQ,Early,26,18,-3,-11,0.0207075849175453
logQ,Early,26,19,-3,-10,0.0219727717339992
logQ,Early,26,20,-3,-9,0.023610558360815
logQ,Early,26,21,-3,-8,0.025754103437066
logQ,Early,26,22,-3,-7,0.028600038960576
logQ,Early,26,23,-3,-6,0.0324457436800003
logQ,Early,26,24,-3,-5,0.0377523079514503
logQ,Early,26,25,-3,-4,0.0452549681067466
logQ,Early,26,26,-3,-3,0.0561616010963916
logQ,Early,26,27,-3,-2,0.0725201666355133
logQ,Early,26,28,-3,-1,0.0979189723730087
logQ,Early,26,29,-3,0,0.1388384252786636
logQ,Early,27,0,-2,-29,0.0528111830353736
logQ,Early,27,1,-2,-28,0.036910593509674
logQ,Early,27,2,-2,-27,0.0289401225745677
logQ,Early,27,3,-2,-26,0.0245604421943426
logQ,Early,27,4,-2,-25,0.0219864808022975
logQ,Early,27,5,-2,-24,0.0204032566398382
logQ,Early,27,6,-2,-23,0.0194051954895257
logQ,Early,27,7,-2,-22,0.0187760293483734
logQ,Early,27,8,-2,-21,0.0183943137526512
logQ,Early,27,9,-2,-20,0.0181894917041063
logQ,Early,27,10,-2,-19,0.0181203782558441
logQ,Early,27,11,-2,-18,0.0181638058274984
logQ,Early,27,12,-2,-17,0.0183087773621082
logQ,Early,27,13,-2,-16,0.0185531806200742
logQ,Early,27,14,-2,-15,0.0189025234431028
logQ,Early,27,15,-2,-14,0.0193696767091751
logQ,Early,27,16,-2,-13,0.0199754107743501
logQ,Early,27,17,-2,-12,0.0207504555583
logQ,Early,27,18,-2,-11,0.0217383187264204
logQ,Early,27,19,-2,-10,0.0230003278702497
logQ,Early,27,20,-2,-9,0.0246232096105813
logQ,Early,27,21,-2,-8,0.0267314035445451
logQ,Early,27,22,-2,-7,0.0295062772929668
logQ,Early,27,23,-2,-6,0.0332179553806781
logQ,Early,27,24,-2,-5,0.0382777489721775
logQ,Early,27,25,-2,-4,0.0453274883329868
logQ,Early,27,26,-2,-3,0.0553932674229145
logQ,Early,27,27,-2,-2,0.0701571330428123
logQ,Early,27,28,-2,-1,0.0924408957362175
logQ,Early,27,29,-2,0,0.1270647943019867
logQ,Early,28,0,-1,-29,0.0513969659805297
logQ,Early,28,1,-1,-28,0.037069346755743
logQ,Early,28,2,-1,-27,0.0297001730650663
logQ,Early,28,3,-1,-26,0.0255727432668209
logQ,Early,28,4,-1,-25,0.0231136437505483
logQ,Early,28,5,-1,-24,0.0215872880071401
logQ,Early,28,6,-1,-23,0.0206203423440456
logQ,Early,28,7,-1,-22,0.020010458305478
logQ,Early,28,8,-1,-21,0.0196424834430217
logQ,Early,28,9,-1,-20,0.0194488633424043
logQ,Early,28,10,-1,-19,0.0193896889686584
logQ,Early,28,11,-1,-18,0.0194424353539943
logQ,Early,28,12,-1,-17,0.0195961520075798
logQ,Early,28,13,-1,-16,0.0198486521840095
logQ,Early,28,14,-1,-15,0.0202050451189279
logQ,Early,28,15,-1,-14,0.0206774249672889
logQ,Early,28,16,-1,-13,0.0212855599820613
logQ,Early,28,17,-1,-12,0.0220582373440265
logQ,Early,28,18,-1,-11,0.0230361614376306
logQ,Early,28,19,-1,-10,0.024275979027152
logQ,Early,28,20,-1,-9,0.0258569773286581
logQ,Early,28,21,-1,-8,0.0278911963105201
logQ,Early,28,22,-1,-7,0.030539259314537
logQ,Early,28,23,-1,-6,0.034035574644804
logQ,Early,28,24,-1,-5,0.0387290827929973
logQ,Early,28,25,-1,-4,0.0451486483216285
logQ,Early,28,26,-1,-3,0.0541111156344413
logQ,Early,28,27,-1,-2,0.0668980479240417
logQ,Early,28,28,-1,-1,0.0855420604348182
logQ,Early,28,29,-1,0,0.1132704243063926
logQ,Early,29,0,0,-29,0.0494798682630062
logQ,Early,29,1,0,-28,0.0371766574680805
logQ,Early,29,2,0,-27,0.030623584985733
logQ,Early,29,3,0,-26,0.0268570110201835
logQ,Early,29,4,0,-25,0.0245709661394357
logQ,Early,29,5,0,-24,0.0231341011822223
logQ,Early,29,6,0,-23,0.0222171656787395
logQ,Early,29,7,0,-22,0.0216376483440399
logQ,Early,29,8,0,-21,0.021289724856615
logQ,Early,29,9,0,-20,0.021110275760293
logQ,Early,29,10,0,-19,0.0210616663098335
logQ,Early,29,11,0,-18,0.0211222134530544
logQ,Early,29,12,0,-17,0.0212812479585409
logQ,Early,29,13,0,-16,0.0215362720191478
logQ,Early,29,14,0,-15,0.0218916498124599
logQ,Early,29,15,0,-14,0.0223582275211811
logQ,Early,29,16,0,-13,0.0229537263512611
logQ,Early,29,17,0,-12,0.0237040668725967
logQ,Early,29,18,0,-11,0.0246453303843736
logQ,Early,29,19,0,-10,0.0258272886276245
logQ,Early,29,20,0,-9,0.0273183789104223
logQ,Early,29,21,0,-8,0.02921356074512
logQ,Early,29,22,0,-7,0.0316459834575653
logQ,Early,29,23,0,-6,0.0348049886524677
logQ,Early,29,24,0,-5,0.0389635562896728
logQ,Early,29,25,0,-4,0.0445205718278884
logQ,Early,29,26,0,-3,0.0520642958581447
logQ,Early,29,27,0,-2,0.0624655075371265
logQ,Early,29,28,0,-1,0.0770052149891853
logQ,Early,29,29,0,0,0.0975192934274673
logQ,Late,0,0,-29,-29,0.0035798642784357
logQ,Late,0,1,-29,-28,0.0032531588803976
logQ,Late,0,2,-29,-27,0.0031137822661548
logQ,Late,0,3,-29,-26,0.0030988187063485
logQ,Late,0,4,-29,-25,0.0031727061141282
logQ,Late,0,5,-29,-24,0.0033142606262117
logQ,Late,0,6,-29,-23,0.0035103748086839
logQ,Late,0,7,-29,-22,0.0037529089022427
logQ,Late,0,8,-29,-21,0.004037216771394
logQ,Late,0,9,-29,-20,0.0043614841997623
logQ,Late,0,10,-29,-19,0.0047265510074794
logQ,Late,0,11,-29,-18,0.0051361392252147
logQ,Late,0,12,-29,-17,0.0055972416885197
logQ,Late,0,13,-29,-16,0.0061209546402096
logQ,Late,0,14,-29,-15,0.0067235887981951
logQ,Late,0,15,-29,-14,0.0074285329319536
logQ,Late,0,16,-29,-13,0.0082689858973026
logQ,Late,0,17,-29,-12,0.0092922747135162
logQ,Late,0,18,-29,-11,0.0105665884912014
logQ,Late,0,19,-29,-10,0.0121920499950647
logQ,Late,0,20,-29,-9,0.0143189430236816
logQ,Late,0,21,-29,-8,0.0171793550252914
logQ,Late,0,22,-29,-7,0.0211438555270433
logQ,Late,0,23,-29,-6,0.0268283728510141
logQ,Late,0,24,-29,-5,0.0353082492947578
logQ,Late,0,25,-29,-4,0.0485770031809806
logQ,Late,0,26,-29,-3,0.0706118270754814
logQ,Late,0,27,-29,-2,0.1100688129663467
logQ,Late,0,28,-29,-1,0.1876425147056579
logQ,Late,0,29,-29,0,0.3570736646652221
logQ,Late,1,0,-28,-29,0.0028049652464687
logQ,Late,1,1,-28,-28,0.0025439474266022
logQ,Late,1,2,-28,-27,0.0024402849376201
logQ,Late,1,3,-28,-26,0.0024409086909145
logQ,Late,1,4,-28,-25,0.0025164615362882
logQ,Late,1,5,-28,-24,0.0026497868821024
logQ,Late,1,6,-28,-23,0.0028304501902312
logQ,Late,1,7,-28,-22,0.0030521193984895
logQ,Late,1,8,-28,-21,0.0033113062381744
logQ,Late,1,9,-28,-20,0.003606904298067
logQ,Late,1,10,-28,-19,0.0039400951936841
logQ,Late,1,11,-28,-18,0.0043145990930497
logQ,Late,1,12,-28,-17,0.0047371541149914
logQ,Late,1,13,-28,-16,0.0052182697691023
logQ,Late,1,14,-28,-15,0.0057734246365725
logQ,Late,1,15,-28,-14,0.0064248424023389
logQ,Late,1,16,-28,-13,0.0072042159736156
logQ,Late,1,17,-28,-12,0.0081569654867053
logQ,Late,1,18,-28,-11,0.0093489727005362
logQ,Late,1,19,-28,-10,0.0108775626868009
logQ,Late,1,20,-28,-9,0.0128899570554494
logQ,Late,1,21,-28,-8,0.0156152667477726
logQ,Late,1,22,-28,-7,0.0194224473088979
logQ,Late,1,23,-28,-6,0.0249309577047824
logQ,Late,1,24,-28,-5,0.0332351624965667
logQ,Late,1,25,-28,-4,0.0463963598012924
logQ,Late,1,26,-28,-3,0.0686218738555908
logQ,Late,1,27,-28,-2,0.1093763783574104
logQ,Late,1,28,-28,-1,0.1923639923334121
logQ,Late,1,29,-28,0,0.3829542696475982
logQ,Late,2,0,-27,-29,0.0023251089733093
logQ,Late,2,1,-27,-28,0.0021087215282022
logQ,Late,2,2,-27,-27,0.0020290883257985
logQ,Late,2,3,-27,-26,0.0020400760695338
logQ,Late,2,4,-27,-25,0.0021165742073208
logQ,Late,2,5,-27,-24,0.0022441342007368
logQ,Late,2,6,-27,-23,0.0024141031317412
logQ,Late,2,7,-27,-22,0.0026213177479803
logQ,Late,2,8,-27,-21,0.0028630620799958
logQ,Late,2,9,-27,-20,0.0031386779155582
logQ,Late,2,10,-27,-19,0.0034495580475777
logQ,Late,2,11,-27,-18,0.0037993974983692
logQ,Late,2,12,-27,-17,0.0041946964338421
logQ,Late,2,13,-27,-16,0.0046455459669232
logQ,Late,2,14,-27,-15,0.0051667615771293
logQ,Late,2,15,-27,-14,0.0057796644978225
logQ,Late,2,16,-27,-13,0.0065147294662892
logQ,Late,2,17,-27,-12,0.007415791042149
logQ,Late,2,18,-27,-11,0.0085466848686337
logQ,Late,2,19,-27,-10,0.0100021753460168
logQ,Late,2,20,-27,-9,0.0119262086227536
logQ,Late,2,21,-27,-8,0.0145439757034182
logQ,Late,2,22,-27,-7,0.0182201135903596
logQ,Late,2,23,-27,-6,0.0235705059021711
logQ,Late,2,24,-27,-5,0.0316920839250087
logQ,Late,2,25,-27,-4,0.0446736738085746
logQ,Late,2,26,-27,-3,0.0668509006500244
logQ,Late,2,27,-27,-2,0.1082326844334602
logQ,Late,2,28,-27,-1,0.1948419511318206
logQ,Late,2,29,-27,0,0.402032196521759
logQ,Late,3,0,-26,-29,0.0020199513528496
logQ,Late,3,1,-26,-28,0.0018341181566938
logQ,Late,3,2,-26,-27,0.0017709127860143
logQ,Late,3,3,-26,-26,0.0017890433082357
logQ,Late,3,4,-26,-25,0.0018663204973563
logQ,Late,3,5,-26,-24,0.0019901206251233
logQ,Late,3,6,-26,-23,0.0021529765799641
logQ,Late,3,7,-26,-22,0.0023505077697336
logQ,Late,3,8,-26,-21,0.0025804976467043
logQ,Late,3,9,-26,-20,0.0028425804339349
logQ,Late,3,10,-26,-19,0.003138271626085
logQ,Late,3,11,-26,-18,0.0034712387714535
logQ,Late,3,12,-26,-17,0.0038478199858218
logQ,Late,3,13,-26,-16,0.0042777801863849
logQ,Late,3,14,-26,-15,0.0047754449769854
logQ,Late,3,15,-26,-14,0.0053614480420947
logQ,Late,3,16,-26,-13,0.0060653607361018
logQ,Late,3,17,-26,-12,0.0069297705776989
logQ,Late,3,18,-26,-11,0.0080169020220637
logQ,Late,3,19,-26,-10,0.0094193229451775
logQ,Late,3,20,-26,-9,0.0112781254574656
logQ,Late,3,21,-26,-8,0.0138146243989467
logQ,Late,3,22,-26,-7,0.0173883885145187
logQ,Late,3,23,-26,-6,0.0226091481745243
logQ,Late,3,24,-26,-5,0.0305681601166725
logQ,Late,3,25,-26,-4,0.0433592982590198
logQ,Late,3,26,-26,-3,0.0653832480311393
logQ,Late,3,27,-26,-2,0.1070073619484901
logQ,Late,3,28,-26,-1,0.1960114687681198
logQ,Late,3,29,-26,0,0.4160797297954559
logQ,Late,4,0,-25,-29,0.0018217019969597
logQ,Late,4,1,-25,-28,0.0016570953885093
logQ,Late,4,2,-25,-27,0.0016053876606747
logQ,Late,4,3,-25,-26,0.0016286812024191
logQ,Late,4,4,-25,-25,0.0017067983280867
logQ,Late,4,5,-25,-24,0.0018283610697835
logQ,Late,4,6,-25,-23,0.0019867059309035
logQ,Late,4,7,-25,-22,0.0021779702510684
logQ,Late,4,8,-25,-21,0.0024002699647098
logQ,Late,4,9,-25,-20,0.0026534358039498
logQ,Late,4,10,-25,-19,0.0029390486888587
logQ,Late,4,11,-25,-18,0.0032607614994049
logQ,Late,4,12,-25,-17,0.0036247817333787
logQ,Late,4,13,-25,-16,0.0040406356565654
logQ,Late,4,14,-25,-15,0.0045223133638501
logQ,Late,4,15,-25,-14,0.0050899386405944
logQ,Late,4,16,-25,-13,0.0057724039070308
logQ,Late,4,17,-25,-12,0.00661137746647
logQ,Late,4,18,-25,-11,0.0076678171753883
logQ,Late,4,19,-25,-10,0.0090325679630041
logQ,Late,4,20,-25,-9,0.0108442967757582
logQ,Late,4,21,-25,-8,0.013320930302143
logQ,Late,4,22,-25,-7,0.016817133873701
logQ,Late,4,23,-25,-6,0.0219356026500463
logQ,Late,4,24,-25,-5,0.0297583695501089
logQ,Late,4,25,-25,-4,0.0423725731670856
logQ,Late,4,26,-25,-3,0.0642056614160537
logQ,Late,4,27,-25,-2,0.1058567613363266
logQ,Late,4,28,-25,-1,0.1964276731014251
logQ,Late,4,29,-25,0,0.4264329075813293
logQ,Late,5,0,-24,-29,0.001691278303042
logQ,Late,5,1,-24,-28,0.0015416368842124
logQ,Late,5,2,-24,-27,0.0014981754356995
logQ,Late,5,3,-24,-26,0.0015253802994266
logQ,Late,5,4,-24,-25,0.0016044679796323
logQ,Late,5,5,-24,-24,0.0017249198863282
logQ,Late,5,6,-24,-23,0.0018806115258485
logQ,Late,5,7,-24,-22,0.0020680318120867
logQ,Late,5,8,-24,-21,0.0022855214774608
logQ,Late,5,9,-24,-20,0.0025330241769552
logQ,Late,5,10,-24,-19,0.0028121836949139
logQ,Late,5,11,-24,-18,0.0031266207806766
logQ,Late,5,12,-24,-17,0.0034824598114937
logQ,Late,5,13,-24,-16,0.0038890591822564
logQ,Late,5,14,-24,-15,0.0043601519428193
logQ,Late,5,15,-24,-14,0.0049155242741107
logQ,Late,5,16,-24,-13,0.0055835535749793
logQ,Late,5,17,-24,-12,0.0064052348025143
logQ,Late,5,18,-24,-11,0.0074405577033758
logQ,Late,5,19,-24,-10,0.0087790228426456
logQ,Late,5,20,-24,-9,0.0105573516339063
logQ,Late,5,21,-24,-8,0.0129905333742499
logQ,Late,5,22,-24,-7,0.0164288077503442
logQ,Late,5,23,-24,-6,0.0214680023491382
logQ,Late,5,24,-24,-5,0.0291796792298555
logQ,Late,5,25,-24,-4,0.0416382066905498
logQ,Late,5,26,-24,-3,0.06327535957098
logQ,Late,5,27,-24,-2,0.1048371419310569
logQ,Late,5,28,-24,-1,0.1964166760444641
logQ,Late,5,29,-24,0,0.4340607225894928
logQ,Late,6,0,-23,-29,0.0016054547159001
logQ,Late,6,1,-23,-28,0.0014664836926385
logQ,Late,6,2,-23,-27,0.0014290633844211
logQ,Late,6,3,-23,-26,0.0014593583764508
logQ,Late,6,4,-23,-25,0.0015395485097542
logQ,Late,6,5,-23,-24,0.0016597009962424
logQ,Late,6,6,-23,-23,0.0018140623578801
logQ,Late,6,7,-23,-22,0.0019993565510958
logQ,Late,6,8,-23,-21,0.0022140641231089
logQ,Late,6,9,-23,-20,0.0024582175537943
logQ,Late,6,10,-23,-19,0.0027334883343428
logQ,Late,6,11,-23,-18,0.0030434804502874
logQ,Late,6,12,-23,-17,0.0033942465670406
logQ,Late,6,13,-23,-16,0.0037950430996716
logQ,Late,6,14,-23,-15,0.0042594214901328
logQ,Late,6,15,-23,-14,0.0048069115728139
logQ,Late,6,16,-23,-13,0.0054655456915497
logQ,Late,6,17,-23,-12,0.0062757986597716
logQ,Late,6,18,-23,-11,0.0072969608008861
logQ,Late,6,19,-23,-10,0.0086174756288528
logQ,Late,6,20,-23,-9,0.0103724868968129
logQ,Late,6,21,-23,-8,0.0127745689824223
logQ,Late,6,22,-23,-7,0.0161700416356325
logQ,Late,6,23,-23,-6,0.0211483240127563
logQ,Late,6,24,-23,-5,0.0287704654037952
logQ,Late,6,25,-23,-4,0.0410955995321273
logQ,Late,6,26,-23,-3,0.0625468045473098
logQ,Late,6,27,-23,-2,0.1039601266384124
logQ,Late,6,28,-23,-1,0.1961699575185775
logQ,Late,6,29,-23,0,0.4396579265594482
logQ,Late,7,0,-22,-29,0.0015500118024647
logQ,Late,7,1,-22,-28,0.0014186791377142
logQ,Late,7,2,-22,-27,0.0013857611920684
logQ,Late,7,3,-22,-26,0.0014185773907229
logQ,Late,7,4,-22,-25,0.0014999714912846
logQ,Late,7,5,-22,-24,0.0016204115236178
logQ,Late,7,6,-22,-23,0.0017743859207257
logQ,Late,7,7,-22,-22,0.0019587741699069
logQ,Late,7,8,-22,-21,0.0021721532102674
logQ,Late,7,9,-22,-20,0.002414604416117
logQ,Late,7,10,-22,-19,0.002687812782824
logQ,Late,7,11,-22,-18,0.0029953771736472
logQ,Late,7,12,-22,-17,0.0033433015923947
logQ,Late,7,13,-22,-16,0.0037407653871923
logQ,Late,7,14,-22,-15,0.0042012007907032
logQ,Late,7,15,-22,-14,0.0047439588233828
logQ,Late,7,16,-22,-13,0.0053968206048011
logQ,Late,7,17,-22,-12,0.0061999075114727
logQ,Late,7,18,-22,-11,0.0072119659744203
logQ,Late,7,19,-22,-10,0.0085206255316734
logQ,Late,7,20,-22,-9,0.0102597866207361
logQ,Late,7,21,-22,-8,0.0126399835571646
logQ,Late,7,22,-22,-7,0.016004167497158
logQ,Late,7,23,-22,-6,0.0209359787404537
logQ,Late,7,24,-22,-5,0.0284864287823438
logQ,Late,7,25,-22,-4,0.0406987741589546
logQ,Late,7,26,-22,-3,0.0619805566966533
logQ,Late,7,27,-22,-2,0.103219635784626
logQ,Late,7,28,-22,-1,0.1958011090755462
logQ,Late,7,29,-22,0,0.4437185525894165
logQ,Late,8,0,-21,-29,0.0015160195762291
logQ,Late,8,1,-21,-28,0.0013901235070079
logQ,Late,8,2,-21,-27,0.0013605877757072
logQ,Late,8,3,-21,-26,0.0013955124886706
logQ,Late,8,4,-21,-25,0.001478184829466
logQ,Late,8,5,-21,-24,0.0015993322012946
logQ,Late,8,6,-21,-23,0.0017536011291667
logQ,Late,8,7,-21,-22,0.0019379670266062
logQ,Late,8,8,-21,-21,0.0021510580554604
logQ,Late,8,9,-21,-20,0.0023929958697408
logQ,Late,8,10,-21,-19,0.0026654689572751
logQ,Late,8,11,-21,-18,0.0029720654711127
logQ,Late,8,12,-21,-17,0.0033187626395374
logQ,Late,8,13,-21,-16,0.0037146823015064
logQ,Late,8,14,-21,-15,0.0041731903329491
logQ,Late,8,15,-21,-14,0.0047135180793702
logQ,Late,8,16,-21,-13,0.0053632659837603
logQ,Late,8,17,-21,-12,0.0061622960492968
logQ,Late,8,18,-21,-11,0.0071689658798277
logQ,Late,8,19,-21,-10,0.0084702903404831
logQ,Late,8,20,-21,-9,0.01019914355129
logQ,Late,8,21,-21,-8,0.0125644179061055
logQ,Late,8,22,-21,-7,0.0159061476588249
logQ,Late,8,23,-21,-6,0.020802829414606
logQ,Late,8,24,-21,-5,0.0282963383942842
logQ,Late,8,25,-21,-4,0.0404143370687961
logQ,Late,8,26,-21,-3,0.0615456067025661
logQ,Late,8,27,-21,-2,0.1026039496064186
logQ,Late,8,28,-21,-1,0.1953772157430648
logQ,Late,8,29,-21,0,0.4465923011302948
logQ,Late,9,0,-20,-29,0.0014977786922827
logQ,Late,9,1,-20,-28,0.0013756563421338
logQ,Late,9,2,-20,-27,0.001348658115603
logQ,Late,9,3,-20,-26,0.001385377254337
logQ,Late,9,4,-20,-25,0.0014693764969706
logQ,Late,9,5,-20,-24,0.0015915364492684
logQ,Late,9,6,-20,-23,0.0017465983983129
logQ,Late,9,7,-20,-22,0.0019315864192321
logQ,Late,9,8,-20,-21,0.0021451679058372
logQ,Late,9,9,-20,-20,0.0023874668404459
logQ,Late,9,10,-20,-19,0.0026601813733577
logQ,Late,9,11,-20,-18,0.0029668875504285
logQ,Late,9,12,-20,-17,0.003313549561426
logQ,Late,9,13,-20,-16,0.0037092636339366
logQ,Late,9,14,-20,-15,0.0041673332452774
logQ,Late,9,15,-20,-14,0.0047069364227354
logQ,Late,9,16,-20,-13,0.0053555406630039
logQ,Late,9,17,-20,-12,0.0061528510414063
logQ,Late,9,18,-20,-11,0.0071569257415831
logQ,Late,9,19,-20,-10,0.0084543004631996
logQ,Late,9,20,-20,-9,0.0101770861074328
logQ,Late,9,21,-20,-8,0.0125327631831169
logQ,Late,9,22,-20,-7,0.0158589463680982
logQ,Late,9,23,-20,-6,0.0207295604050159
logQ,Late,9,24,-20,-5,0.0281782746315002
logQ,Late,9,25,-20,-4,0.0402182191610336
logQ,Late,9,26,-20,-3,0.0612182542681694
logQ,Late,9,27,-20,-2,0.1021005138754844
logQ,Late,9,28,-20,-1,0.1949387639760971
logQ,Late,9,29,-20,0,0.4485247731208801
logQ,Late,10,0,-19,-29,0.0014916411601006
logQ,Late,10,1,-19,-28,0.001371989143081
logQ,Late,10,2,-19,-27,0.0013468629913404
logQ,Late,10,3,-19,-26,0.0013851262629032
logQ,Late,10,4,-19,-25,0.0014704802306368
logQ,Late,10,5,-19,-24,0.0015938834985718
logQ,Late,10,6,-19,-23,0.0017501139082014
logQ,Late,10,7,-19,-22,0.0019362210296094
logQ,Late,10,8,-19,-21,0.0021508771460503
logQ,Late,10,9,-19,-20,0.0023942047264426
logQ,Late,10,10,-19,-19,0.0026679069269448
logQ,Late,10,11,-19,-18,0.0029755486175417
logQ,Late,10,12,-19,-17,0.0033230914268642
logQ,Late,10,13,-19,-16,0.003719609696418
logQ,Late,10,14,-19,-15,0.0041783945634961
logQ,Late,10,15,-19,-14,0.0047185658477246
logQ,Late,10,16,-19,-13,0.0053675547242164
logQ,Late,10,17,-19,-12,0.0061649279668927
logQ,Late,10,18,-19,-11,0.0071685630828142
logQ,Late,10,19,-19,-10,0.0084646334871649
logQ,Late,10,20,-19,-9,0.0101846437901258
logQ,Late,10,21,-19,-8,0.0125349471345543
logQ,Late,10,22,-19,-7,0.0158510543406009
logQ,Late,10,23,-19,-6,0.0207030475139617
logQ,Late,10,24,-19,-5,0.0281171984970569
logQ,Late,10,25,-19,-4,0.040093544870615
logQ,Late,10,26,-19,-3,0.0609811246395111
logQ,Late,10,27,-19,-2,0.1016981750726699
logQ,Late,10,28,-19,-1,0.1945084929466247
logQ,Late,10,29,-19,0,0.4496874511241913
logQ,Late,11,0,-18,-29,0.0014953275676816
logQ,Late,11,1,-18,-28,0.0013770732330158
logQ,Late,11,2,-18,-27,0.0013532740995287
logQ,Late,11,3,-18,-26,0.0013928695116192
logQ,Late,11,4,-18,-25,0.001479597762227
logQ,Late,11,5,-18,-24,0.0016044260701164
logQ,Late,11,6,-18,-23,0.0017621285514906
logQ,Late,11,7,-18,-22,0.0019497473258525
logQ,Late,11,8,-18,-21,0.0021659457124769
logQ,Late,11,9,-18,-20,0.0024108425714075
logQ,Late,11,10,-18,-19,0.002686126390472
logQ,Late,11,11,-18,-18,0.0029953652992844
logQ,Late,11,12,-18,-17,0.0033445137087255
logQ,Late,11,13,-18,-16,0.0037426522467285
logQ,Late,11,14,-18,-15,0.0042030625045299
logQ,Late,11,15,-18,-14,0.0047448640689253
logQ,Late,11,16,-18,-13,0.0053954469040036
logQ,Late,11,17,-18,-12,0.0061943256296217
logQ,Late,11,18,-18,-11,0.0071992455050349
logQ,Late,11,19,-18,-10,0.0084961596876382
logQ,Late,11,20,-18,-9,0.0102160656824707
logQ,Late,11,21,-18,-8,0.0125644328072667
logQ,Late,11,22,-18,-7,0.0158750563859939
logQ,Late,11,23,-18,-6,0.0207146201282739
logQ,Late,11,24,-18,-5,0.0281031224876642
logQ,Late,11,25,-18,-4,0.040028803050518
logQ,Late,11,26,-18,-3,0.0608220174908638
logQ,Late,11,27,-18,-2,0.1013879179954528
logQ,Late,11,28,-18,-1,0.1940997540950775
logQ,Late,11,29,-18,0,0.4501948654651642
logQ,Late,12,0,-17,-29,0.0015075309202075
logQ,Late,12,1,-17,-28,0.0013897434109821
logQ,Late,12,2,-17,-27,0.0013667943421751
logQ,Late,12,3,-17,-26,0.0014075435465201
logQ,Late,12,4,-17,-25,0.0014956621453166
logQ,Late,12,5,-17,-24,0.0016220685793086
logQ,Late,12,6,-17,-23,0.001781502738595
logQ,Late,12,7,-17,-22,0.0019709710031747
logQ,Late,12,8,-17,-21,0.0021891151554882
logQ,Late,12,9,-17,-20,0.0024360362440347
logQ,Late,12,10,-17,-19,0.0027134122792631
logQ,Late,12,11,-17,-18,0.0030248099938035
logQ,Late,12,12,-17,-17,0.0033761921804398
logQ,Late,12,13,-17,-16,0.0037766401655972
logQ,Late,12,14,-17,-15,0.0042394595220685
logQ,Late,12,15,-17,-14,0.0047837714664638
logQ,Late,12,16,-17,-13,0.0054369829595088
logQ,Late,12,17,-17,-12,0.006238592788577
logQ,Late,12,18,-17,-11,0.0072462758980691
logQ,Late,12,19,-17,-10,0.0085458308458328
logQ,Late,12,20,-17,-9,0.0102679245173931
logQ,Late,12,21,-17,-8,0.0126173105090856
logQ,Late,12,22,-17,-7,0.0159263424575328
logQ,Late,12,23,-17,-6,0.0207589827477931
logQ,Late,12,24,-17,-5,0.0281297285109758
logQ,Late,12,25,-17,-4,0.0400166437029838
logQ,Late,12,26,-17,-3,0.0607326254248619
logQ,Late,12,27,-17,-2,0.1011630296707153
logQ,Late,12,28,-17,-1,0.1937184184789657
logQ,Late,12,29,-17,0,0.4501200020313263
logQ,Late,13,0,-16,-29,0.0015276814810931
logQ,Late,13,1,-16,-28,0.0014095029328018
logQ,Late,13,2,-16,-27,0.0013869741233065
logQ,Late,13,3,-16,-26,0.0014287112280726
logQ,Late,13,4,-16,-25,0.0015182385686784
logQ,Late,13,5,-16,-24,0.0016463752835988
logQ,Late,13,6,-16,-23,0.0018077839631587
logQ,Late,13,7,-16,-22,0.0019994187168776
logQ,Late,13,8,-16,-21,0.002219884423539
logQ,Late,13,9,-16,-20,0.0024692523293197
logQ,Late,13,10,-16,-19,0.0027491911314427
logQ,Late,13,11,-16,-18,0.0030632703565061
logQ,Late,13,12,-16,-17,0.0034174500033259
logQ,Late,13,13,-16,-16,0.0038208458572626
logQ,Late,13,14,-16,-15,0.0042867818847298
logQ,Late,13,15,-16,-14,0.0048344265669584
logQ,Late,13,16,-16,-13,0.0054912036284804
logQ,Late,13,17,-16,-12,0.0062966500408947
logQ,Late,13,18,-16,-11,0.0073084360919892
logQ,Late,13,19,-16,-10,0.008612286299467
logQ,Late,13,20,-16,-9,0.0103386342525482
logQ,Late,13,21,-16,-8,0.0126917157322168
logQ,Late,13,22,-16,-7,0.0160027630627155
logQ,Late,13,23,-16,-6,0.0208334065973758
logQ,Late,13,24,-16,-5,0.0281936600804328
logQ,Late,13,25,-16,-4,0.0400528647005558
logQ,Late,13,26,-16,-3,0.0607079826295375
logQ,Late,13,27,-16,-2,0.1010185033082962
logQ,Late,13,28,-16,-1,0.1933659464120865
logQ,Late,13,29,-16,0,0.4494999945163727
logQ,Late,14,0,-15,-29,0.0015558340819552
logQ,Late,14,1,-15,-28,0.0014364260714501
logQ,Late,14,2,-15,-27,0.0014138941187411
logQ,Late,14,3,-15,-26,0.0014564704615622
logQ,Late,14,4,-15,-25,0.0015474383253604
logQ,Late,14,5,-15,-24,0.0016774623654782
logQ,Late,14,6,-15,-23,0.0018410966731607
logQ,Late,14,7,-15,-22,0.0020352222491055
logQ,Late,14,8,-15,-21,0.0022583855316042
logQ,Late,14,9,-15,-20,0.0025106305256485
logQ,Late,14,10,-15,-19,0.0027936077676713
logQ,Late,14,11,-15,-18,0.0031108816619962
logQ,Late,14,12,-15,-17,0.0034684338606894
logQ,Late,14,13,-15,-16,0.0038754045963287
logQ,Late,14,14,-15,-15,0.0043451660312712
logQ,Late,14,15,-15,-14,0.0048969318158924
logQ,Late,14,16,-15,-13,0.0055582062341272
logQ,Late,14,17,-15,-12,0.0063685728237032
logQ,Late,14,18,-15,-11,0.0073857577517628
logQ,Late,14,19,-15,-10,0.0086954869329929
logQ,Late,14,20,-15,-9,0.0104280868545174
logQ,Late,14,21,-15,-8,0.0127874165773391
logQ,Late,14,22,-15,-7,0.0161038860678672
logQ,Late,14,23,-15,-6,0.0209373198449611
logQ,Late,14,24,-15,-5,0.0282939560711383
logQ,Late,14,25,-15,-4,0.0401359423995018
logQ,Late,14,26,-15,-3,0.0607458390295505
logQ,Late,14,27,-15,-2,0.1009514853358268
logQ,Late,14,28,-15,-1,0.1930401176214218
logQ,Late,14,29,-15,0,0.4483448266983032
logQ,Late,15,0,-14,-29,0.0015926375053822
logQ,Late,15,1,-14,-28,0.0014711248222738
logQ,Late,15,2,-14,-27,0.0014481603866443
logQ,Late,15,3,-14,-26,0.0014914287021383
logQ,Late,15,4,-14,-25,0.0015838854014873
logQ,Late,15,5,-14,-24,0.0017159779090434
logQ,Late,15,6,-14,-23,0.0018821180565282
logQ,Late,15,7,-14,-22,0.0020790896378457
logQ,Late,15,8,-14,-21,0.0023053684271872
logQ,Late,15,9,-14,-20,0.0025609543081372
logQ,Late,15,10,-14,-19,0.0028474773280322
logQ,Late,15,11,-14,-18,0.003168505616486
logQ,Late,15,12,-14,-17,0.0035300406161695
logQ,Late,15,13,-14,-16,0.0039412584155797
logQ,Late,15,14,-14,-15,0.0044155889190733
logQ,Late,15,15,-14,-14,0.0049723237752914
logQ,Late,15,16,-14,-13,0.0056390645913779
logQ,Late,15,17,-14,-12,0.0064554894343018
logQ,Late,15,18,-14,-11,0.0074794269166886
logQ,Late,15,19,-14,-10,0.0087966844439506
logQ,Late,15,20,-14,-9,0.010537564754486
logQ,Late,15,21,-14,-8,0.0129057634621858
logQ,Late,15,22,-14,-7,0.0162310786545276
logQ,Late,15,23,-14,-6,0.0210719611495733
logQ,Late,15,24,-14,-5,0.0284318309277296
logQ,Late,15,25,-14,-4,0.0402668304741382
logQ,Late,15,26,-14,-3,0.060846347361803
logQ,Late,15,27,-14,-2,0.1009604036808013
logQ,Late,15,28,-14,-1,0.1927351653575897
logQ,Late,15,29,-14,0,0.4466363489627838
logQ,Late,16,0,-13,-29,0.0016393699916079
logQ,Late,16,1,-13,-28,0.0015147902304306
logQ,Late,16,2,-13,-27,0.0014909262536093
logQ,Late,16,3,-13,-26,0.0015347399748861
logQ,Late,16,4,-13,-25,0.0016287522157654
logQ,Late,16,5,-13,-24,0.0017631349619477
logQ,Late,16,6,-13,-23,0.001932114129886
logQ,Late,16,7,-13,-22,0.0021323438268154
logQ,Late,16,8,-13,-21,0.0023622151929885
logQ,Late,16,9,-13,-20,0.002621674677357
logQ,Late,16,10,-13,-19,0.002912332303822
logQ,Late,16,11,-13,-18,0.0032377506140619
logQ,Late,16,12,-13,-17,0.0036039580591022
logQ,Late,16,13,-13,-16,0.0040201814845204
logQ,Late,16,14,-13,-15,0.0044999266974627
logQ,Late,16,15,-13,-14,0.0050625777803361
logQ,Late,16,16,-13,-13,0.0057358536869287
logQ,Late,16,17,-13,-12,0.0065595949999988
logQ,Late,16,18,-13,-11,0.0075917639769613
logQ,Late,16,19,-13,-10,0.0089183384552598
logQ,Late,16,20,-13,-9,0.0106697091832757
logQ,Late,16,21,-13,-8,0.0130495512858033
logQ,Late,16,22,-13,-7,0.0163873136043548
logQ,Late,16,23,-13,-6,0.0212405417114496
logQ,Late,16,24,-13,-5,0.0286104828119277
logQ,Late,16,25,-13,-4,0.0404486395418643
logQ,Late,16,26,-13,-3,0.0610121190547943
logQ,Late,16,27,-13,-2,0.1010452434420585
logQ,Late,16,28,-13,-1,0.1924416720867157
logQ,Late,16,29,-13,0,0.4443318247795105
logQ,Late,17,0,-12,-29,0.0016980592627078
logQ,Late,17,1,-12,-28,0.0015693000750616
logQ,Late,17,2,-12,-27,0.0015440030256286
logQ,Late,17,3,-12,-26,0.0015882048755884
logQ,Late,17,4,-12,-25,0.0016838698647916
logQ,Late,17,5,-12,-24,0.0018208172405138
logQ,Late,17,6,-12,-23,0.0019930389244109
logQ,Late,17,7,-12,-22,0.0021970276720821
logQ,Late,17,8,-12,-21,0.0024310688022524
logQ,Late,17,9,-12,-20,0.0026950452011078
logQ,Late,17,10,-12,-19,0.0029905326664447
logQ,Late,17,11,-12,-18,0.0033210911788046
logQ,Late,17,12,-12,-17,0.0036927917972207
logQ,Late,17,13,-12,-16,0.0041149104945361
logQ,Late,17,14,-12,-15,0.0046010501682758
logQ,Late,17,15,-12,-14,0.0051707178354263
logQ,Late,17,16,-12,-13,0.005851789843291
logQ,Late,17,17,-12,-12,0.0066842869855463
logQ,Late,17,18,-12,-11,0.0077263992279767
logQ,Late,17,19,-12,-10,0.009064313955605
logQ,Late,17,20,-12,-9,0.0108286589384078
logQ,Late,17,21,-12,-8,0.0132232019677758
logQ,Late,17,22,-12,-7,0.0165773443877697
logQ,Late,17,23,-12,-6,0.0214481111615896
logQ,Late,17,24,-12,-5,0.0288353059440851
logQ,Late,17,25,-12,-4,0.0406867191195488
logQ,Late,17,26,-12,-3,0.061247631907463
logQ,Late,17,27,-12,-2,0.1012070998549461
logQ,Late,17,28,-12,-1,0.1921459585428238
logQ,Late,17,29,-12,0,0.4413612782955169
logQ,Late,18,0,-11,-29,0.0017716963775455
logQ,Late,18,1,-11,-28,0.0016374179394915
logQ,Late,18,2,-11,-27,0.0016100520733743
logQ,Late,18,3,-11,-26,0.0016544627724215
logQ,Late,18,4,-11,-25,0.0017519087996333
logQ,Late,18,5,-11,-24,0.0018917660927399
logQ,Late,18,6,-11,-23,0.0020677335560321
logQ,Late,18,7,-11,-22,0.002276100218296
logQ,Late,18,8,-11,-21,0.0025150212459266
logQ,Late,18,9,-11,-20,0.0027842975687235
logQ,Late,18,10,-11,-19,0.0030854635406285
logQ,Late,18,11,-11,-18,0.0034220861271023
logQ,Late,18,12,-11,-17,0.0038002629298716
logQ,Late,18,13,-11,-16,0.0042293588630855
logQ,Late,18,14,-11,-15,0.0047230795025825
logQ,Late,18,15,-11,-14,0.0053010950796306
logQ,Late,18,16,-11,-13,0.0059914537705481
logQ,Late,18,17,-11,-12,0.0068344301544129
logQ,Late,18,18,-11,-11,0.007888488471508
logQ,Late,18,19,-11,-10,0.0092401420697569
logQ,Late,18,20,-11,-9,0.0110203074291348
logQ,Late,18,21,-11,-8,0.013433089479804
logQ,Late,18,22,-11,-7,0.0168080367147922
logQ,Late,18,23,-11,-6,0.0217020045965909
logQ,Late,18,24,-11,-5,0.0291140303015708
logQ,Late,18,25,-11,-4,0.0409890785813331
logQ,Late,18,26,-11,-3,0.0615599490702152
logQ,Late,18,27,-11,-2,0.1014474928379058
logQ,Late,18,28,-11,-1,0.191828116774559
logQ,Late,18,29,-11,0,0.4376217126846313
logQ,Late,19,0,-10,-29,0.0018645875388756
logQ,Late,19,1,-10,-28,0.0017231234814971
logQ,Late,19,2,-10,-27,0.0016928961267694
logQ,Late,19,3,-10,-26,0.0017372915754094
logQ,Late,19,4,-10,-25,0.0018366853473708
logQ,Late,19,5,-10,-24,0.001979891443625
logQ,Late,19,6,-10,-23,0.0021602341439574
logQ,Late,19,7,-10,-22,0.0023737549781799
logQ,Late,19,8,-10,-21,0.0026184401940554
logQ,Late,19,9,-10,-20,0.0028939906042069
logQ,Late,19,10,-10,-19,0.0032018900383263
logQ,Late,19,11,-10,-18,0.0035457119811326
logQ,Late,19,12,-10,-17,0.0039315950125455
logQ,Late,19,13,-10,-16,0.0043689925223588
logQ,Late,19,14,-10,-15,0.0048717483878135
logQ,Late,19,15,-10,-14,0.0054597165435552
logQ,Late,19,16,-10,-13,0.006161187775433
logQ,Late,19,17,-10,-12,0.007016722112894
logQ,Late,19,18,-10,-11,0.0080851428210735
logQ,Late,19,19,-10,-10,0.0094533478841185
logQ,Late,19,20,-10,-9,0.0112527534365654
logQ,Late,19,21,-10,-8,0.013687883503735
logQ,Late,19,22,-10,-7,0.017088683322072
logQ,Late,19,23,-10,-6,0.022012248635292
logQ,Late,19,24,-10,-5,0.0294573064893484
logQ,Late,19,25,-10,-4,0.0413663648068904
logQ,Late,19,26,-10,-3,0.0619581639766693
logQ,Late,19,27,-10,-2,0.1017681285738945
logQ,Late,19,28,-10,-1,0.1914592832326889
logQ,Late,19,29,-10,0,0.432972103357315
logQ,Late,20,0,-9,-29,0.001982914051041
logQ,Late,20,1,-9,-28,0.0018321316456422
logQ,Late,20,2,-9,-27,0.001798020559363
logQ,Late,20,3,-9,-26,0.0018421098357066
logQ,Late,20,4,-9,-25,0.0019436533330008
logQ,Late,20,5,-9,-24,0.0020907525904476
logQ,Late,20,6,-9,-23,0.002276265528053
logQ,Late,20,7,-9,-22,0.0024959119036793
logQ,Late,20,8,-9,-21,0.0027474770322442
logQ,Late,20,9,-9,-20,0.0030305213294923
logQ,Late,20,10,-9,-19,0.0033464804291725
logQ,Late,20,11,-9,-18,0.0036989159416407
logQ,Late,20,12,-9,-17,0.0040940288454294
logQ,Late,20,13,-9,-16,0.0045413724146783
logQ,Late,20,14,-9,-15,0.0050549642182886
logQ,Late,20,15,-9,-14,0.0056548756547272
logQ,Late,20,16,-9,-13,0.0063696918077766
logQ,Late,20,17,-9,-12,0.0072403349913656
logQ,Late,20,18,-9,-11,0.0083260554820299
logQ,Late,20,19,-9,-10,0.0097142681479454
logQ,Late,20,20,-9,-9,0.011536949314177
logQ,Late,20,21,-9,-8,0.0139992777258157
logQ,Late,20,22,-9,-7,0.0174318365752697
logQ,Late,20,23,-9,-6,0.0223921760916709
logQ,Late,20,24,-9,-5,0.0298791080713272
logQ,Late,20,25,-9,-4,0.0418326780200004
logQ,Late,20,26,-9,-3,0.0624540485441684
logQ,Late,20,27,-9,-2,0.1021693646907806
logQ,Late,20,28,-9,-1,0.1909974366426468
logQ,Late,20,29,-9,0,0.4272264838218689
logQ,Late,21,0,-8,-29,0.0021356446668505
logQ,Late,21,1,-8,-28,0.0019727353937923
logQ,Late,21,2,-8,-27,0.0019333782838657
logQ,Late,21,3,-8,-26,0.0019767477642744
logQ,Late,21,4,-8,-25,0.0020806698594242
logQ,Late,21,5,-8,-24,0.0022323413286358
logQ,Late,21,6,-8,-23,0.0024240168277174
logQ,Late,21,7,-8,-22,0.0026510190218687
logQ,Late,21,8,-8,-21,0.0029108563903719
logQ,Late,21,9,-8,-20,0.0032029352150857
logQ,Late,21,10,-8,-19,0.0035286070778965
logQ,Late,21,11,-8,-18,0.0038914300967007
logQ,Late,21,12,-8,-17,0.0042976685799658
logQ,Late,21,13,-8,-16,0.0047570178285241
logQ,Late,21,14,-8,-15,0.0052836844697594
logQ,Late,21,15,-8,-14,0.0058980132453143
logQ,Late,21,16,-8,-13,0.0066289454698562
logQ,Late,21,17,-8,-12,0.0075178137049078
logQ,Late,21,18,-8,-11,0.0086244279518723
logQ,Late,21,19,-8,-10,0.01003681961447
logQ,Late,21,20,-8,-9,0.0118876993656158
logQ,Late,21,21,-8,-8,0.0143830217421054
logQ,Late,21,22,-8,-7,0.0178541596978902
logQ,Late,21,23,-8,-6,0.0228594653308391
logQ,Late,21,24,-8,-5,0.030397817492485
logQ,Late,21,25,-8,-4,0.0424059517681598
logQ,Late,21,26,-8,-3,0.0630613788962364
logQ,Late,21,27,-8,-2,0.1026486009359359
logQ,Late,21,28,-8,-1,0.1903818547725677
logQ,Late,21,29,-8,0,0.420135498046875
logQ,Late,22,0,-7,-29,0.0023359768092632
logQ,Late,22,1,-7,-28,0.0021571689285337
logQ,Late,22,2,-7,-27,0.0021106926724314
logQ,Late,22,3,-7,-26,0.0021527200005948
logQ,Late,22,4,-7,-25,0.0022592525929212
logQ,Late,22,5,-7,-24,0.0024163161870092
logQ,Late,22,6,-7,-23,0.0026153908111155
logQ,Late,22,7,-7,-22,0.0028512803837656
logQ,Late,22,8,-7,-21,0.0031211450695991
logQ,Late,22,9,-7,-20,0.0034241809044033
logQ,Late,22,10,-7,-19,0.0037616351619362
logQ,Late,22,11,-7,-18,0.0041370680555701
logQ,Late,22,12,-7,-17,0.0045568100176751
logQ,Late,22,13,-7,-16,0.0050307125784456
logQ,Late,22,14,-7,-15,0.0055732298642396
logQ,Late,22,15,-7,-14,0.0062050400301814
logQ,Late,22,16,-7,-13,0.0069554904475808
logQ,Late,22,17,-7,-12,0.0078664571046829
logQ,Late,22,18,-7,-11,0.0089983716607093
logQ,Late,22,19,-7,-10,0.0104400226846337
logQ,Late,22,20,-7,-9,0.0123249795287847
logQ,Late,22,21,-7,-8,0.0148601597175002
logQ,Late,22,22,-7,-7,0.0183779299259185
logQ,Late,22,23,-7,-6,0.023437375202775
logQ,Late,22,24,-7,-5,0.0310371983796358
logQ,Late,22,25,-7,-4,0.0431087203323841
logQ,Late,22,26,-7,-3,0.0637958049774169
logQ,Late,22,27,-7,-2,0.1031969562172889
logQ,Late,22,28,-7,-1,0.1895227432250976
logQ,Late,22,29,-7,0,0.4113692343235016
logQ,Late,23,0,-6,-29,0.0026037683710455
logQ,Late,23,1,-6,-28,0.0024038741830736
logQ,Late,23,2,-6,-27,0.002347624162212
logQ,Late,23,3,-6,-26,0.0023873434402048
logQ,Late,23,4,-6,-25,0.0024966546334326
logQ,Late,23,5,-6,-24,0.0026600647252053
logQ,Late,23,6,-6,-23,0.0028680369723588
logQ,Late,23,7,-6,-22,0.003114697523415
logQ,Late,23,8,-6,-21,0.0033967604395002
logQ,Late,23,9,-6,-20,0.0037131430581212
logQ,Late,23,10,-6,-19,0.0040649566799402
logQ,Late,23,11,-6,-18,0.004455738235265
logQ,Late,23,12,-6,-17,0.004891914781183
logQ,Late,23,13,-6,-16,0.0053835422731935
logQ,Late,23,14,-6,-15,0.005945339333266
logQ,Late,23,15,-6,-14,0.0065983911044895
logQ,Late,23,16,-6,-13,0.0073725595138967
logQ,Late,23,17,-6,-12,0.0083103440701961
logQ,Late,23,18,-6,-11,0.0094729140400886
logQ,Late,23,19,-6,-10,0.0109499674290418
logQ,Late,23,20,-6,-9,0.0128760589286684
logQ,Late,23,21,-6,-8,0.0154591966420412
logQ,Late,23,22,-6,-7,0.0190327540040016
logQ,Late,23,23,-6,-6,0.0241564493626356
logQ,Late,23,24,-6,-5,0.0318277478218078
logQ,Late,23,25,-6,-4,0.0439685247838497
logQ,Late,23,26,-6,-3,0.0646734833717346
logQ,Late,23,27,-6,-2,0.1037929952144622
logQ,Late,23,28,-6,-1,0.1882849782705307
logQ,Late,23,29,-6,0,0.4004903435707092
logQ,Late,24,0,-5,-29,0.0029695641715079
logQ,Late,24,1,-5,-28,0.0027413154020905
logQ,Late,24,2,-5,-27,0.0026714385021477
logQ,Late,24,3,-5,-26,0.0027072723023593
logQ,Late,24,4,-5,-25,0.0028193288017064
logQ,Late,24,5,-5,-24,0.0029901072848588
logQ,Late,24,6,-5,-23,0.0032087317667901
logQ,Late,24,7,-5,-22,0.0034684322308748
logQ,Late,24,8,-5,-21,0.0037653136532753
logQ,Late,24,9,-5,-20,0.0040979427285492
logQ,Late,24,10,-5,-19,0.0044672437943518
logQ,Late,24,11,-5,-18,0.0048767202533781
logQ,Late,24,12,-5,-17,0.0053329085931181
logQ,Late,24,13,-5,-16,0.0058460813015699
logQ,Late,24,14,-5,-15,0.0064313360489904
logQ,Late,24,15,-5,-14,0.0071102031506598
logQ,Late,24,16,-5,-13,0.0079131573438644
logQ,Late,24,17,-5,-12,0.0088834324851632
logQ,Late,24,18,-5,-11,0.0100830923765897
logQ,Late,24,19,-5,-10,0.0116028282791376
logQ,Late,24,20,-5,-9,0.0135783422738313
logQ,Late,24,21,-5,-8,0.0162187274545431
logQ,Late,24,22,-5,-7,0.0198583081364631
logQ,Late,24,23,-5,-6,0.0250567160546779
logQ,Late,24,24,-5,-5,0.0328080132603645
logQ,Late,24,25,-5,-4,0.0450175441801548
logQ,Late,24,26,-5,-3,0.0657064616680145
logQ,Late,24,27,-5,-2,0.104390911757946
logQ,Late,24,28,-5,-1,0.1864641159772873
logQ,Late,24,29,-5,0,0.3869144022464752
logQ,Late,25,0,-4,-29,0.0034814178943634
logQ,Late,25,1,-4,-28,0.0032144840806722
logQ,Late,25,2,-4,-27,0.0031252605840563
logQ,Late,25,3,-4,-26,0.0031545863021165
logQ,Late,25,4,-4,-25,0.0032688693609088
logQ,Late,25,5,-4,-24,0.003447928931564
logQ,Late,25,6,-4,-23,0.0036790978629142
logQ,Late,25,7,-4,-22,0.0039543891325592
logQ,Late,25,8,-4,-21,0.0042691268026828
logQ,Late,25,9,-4,-20,0.0046213767491281
logQ,Late,25,10,-4,-19,0.0050118225626647
logQ,Late,25,11,-4,-18,0.0054439143277704
logQ,Late,25,12,-4,-17,0.0059243040159344
logQ,Late,25,13,-4,-16,0.0064635425806045
logQ,Late,25,14,-4,-15,0.0070771328173577
logQ,Late,25,15,-4,-14,0.0077871899120509
logQ,Late,25,16,-4,-13,0.0086248759180307
logQ,Late,25,17,-4,-12,0.0096342908218503
logQ,Late,25,18,-4,-11,0.0108784921467304
logQ,Late,25,19,-4,-10,0.0124492896720767
logQ,Late,25,20,-4,-9,0.0144835216924548
logQ,Late,25,21,-4,-8,0.0171913392841815
logQ,Late,25,22,-4,-7,0.0209073796868324
logQ,Late,25,23,-4,-6,0.0261898264288902
logQ,Late,25,24,-4,-5,0.0340250879526138
logQ,Late,25,25,-4,-4,0.0462897308170795
logQ,Late,25,26,-4,-3,0.0668940097093582
logQ,Late,25,27,-4,-2,0.1048994213342666
logQ,Late,25,28,-4,-1,0.1837435811758041
logQ,Late,25,29,-4,0,0.3698649704456329
logQ,Late,26,0,-3,-29,0.0042163338512182
logQ,Late,26,1,-3,-28,0.0038959910161793
logQ,Late,26,2,-3,-27,0.0037788404151797
logQ,Late,26,3,-3,-26,0.0037972582504153
logQ,Late,26,4,-3,-25,0.0039122174493968
logQ,Late,26,5,-3,-24,0.0040999241173267
logQ,Late,26,6,-3,-23,0.0043453103862702
logQ,Late,26,7,-3,-22,0.0046387491747736
logQ,Late,26,8,-3,-21,0.0049744974821805
logQ,Late,26,9,-3,-20,0.0053499680943787
logQ,Late,26,10,-3,-19,0.0057654874399304
logQ,Late,26,11,-3,-18,0.006224441807717
logQ,Late,26,12,-3,-17,0.0067336056381464
logQ,Late,26,13,-3,-16,0.0073038502596318
logQ,Late,26,14,-3,-15,0.0079511702060699
logQ,Late,26,15,-3,-14,0.008698315359652
logQ,Late,26,16,-3,-13,0.0095772789791226
logQ,Late,26,17,-3,-12,0.0106330970302224
logQ,Late,26,18,-3,-11,0.0119299059733748
logQ,Late,26,19,-3,-10,0.0135606294497847
logQ,Late,26,20,-3,-9,0.015663119032979
logQ,Late,26,21,-3,-8,0.0184479989111423
logQ,Late,26,22,-3,-7,0.0222491100430488
logQ,Late,26,23,-3,-6,0.0276199411600828
logQ,Late,26,24,-3,-5,0.0355315543711185
logQ,Late,26,25,-3,-4,0.0478110983967781
logQ,Late,26,26,-3,-3,0.0682003200054168
logQ,Late,26,27,-3,-2,0.1051390543580055
logQ,Late,26,28,-3,-1,0.1796309351921081
logQ,Late,26,29,-3,0,0.3483199775218963
logQ,Late,27,0,-2,-29,0.0052987923845648
logQ,Late,27,1,-2,-28,0.0049044843763113
logQ,Late,27,2,-2,-27,0.0047466731630265
logQ,Late,27,3,-2,-26,0.0047468985430896
logQ,Late,27,4,-2,-25,0.0048589641228318
logQ,Late,27,5,-2,-24,0.0050542741082608
logQ,Late,27,6,-2,-23,0.0053145154379308
logQ,Late,27,7,-2,-22,0.005627860315144
logQ,Late,27,8,-2,-21,0.005987137556076
logQ,Late,27,9,-2,-20,0.0063888705335557
logQ,Late,27,10,-2,-19,0.0068329232744872
logQ,Late,27,11,-2,-18,0.0073225498199462
logQ,Late,27,12,-2,-17,0.0078646652400493
logQ,Late,27,13,-2,-16,0.0084704868495464
logQ,Late,27,14,-2,-15,0.0091565661132335
logQ,Late,27,15,-2,-14,0.0099463900551199
logQ,Late,27,16,-2,-13,0.0108727654442191
logQ,Late,27,17,-2,-12,0.0119817433878779
logQ,Late,27,18,-2,-11,0.0133384158834815
logQ,Late,27,19,-2,-10,0.0150365903973579
logQ,Late,27,20,-2,-9,0.0172145571559667
logQ,Late,27,21,-2,-8,0.0200821179896593
logQ,Late,27,22,-2,-7,0.0239694528281688
logQ,Late,27,23,-2,-6,0.0294192023575305
logQ,Late,27,24,-2,-5,0.0373727455735206
logQ,Late,27,25,-2,-4,0.049573503434658
logQ,Late,27,26,-2,-3,0.0695071443915367
logQ,Late,27,27,-2,-2,0.1047661677002906
logQ,Late,27,28,-2,-1,0.1733594387769699
logQ,Late,27,29,-2,0,0.3209840953350067
logQ,Late,28,0,-1,-29,0.0069274203851819
logQ,Late,28,1,-1,-28,0.0064325211569666
logQ,Late,28,2,-1,-27,0.0062162247486412
logQ,Late,28,3,-1,-26,0.0061867916956543
logQ,Late,28,4,-1,-25,0.0062889335677027
logQ,Late,28,5,-1,-24,0.0064878356643021
logQ,Late,28,6,-1,-23,0.0067608938552439
logQ,Late,28,7,-1,-22,0.0070934165269136
logQ,Late,28,8,-1,-21,0.0074763498269021
logQ,Late,28,9,-1,-20,0.0079050362110137
logQ,Late,28,10,-1,-19,0.0083787478506565
logQ,Late,28,11,-1,-18,0.0089005371555686
logQ,Late,28,12,-1,-17,0.0094774300232529
logQ,Late,28,13,-1,-16,0.0101210083812475
logQ,Late,28,14,-1,-15,0.0108483601361513
logQ,Late,28,15,-1,-14,0.011683658696711
logQ,Late,28,16,-1,-13,0.0126605071127414
logQ,Late,28,17,-1,-12,0.0138256484642624
logQ,Late,28,18,-1,-11,0.0152447717264294
logQ,Late,28,19,-1,-10,0.0170116480439901
logQ,Late,28,20,-1,-9,0.0192633587867021
logQ,Late,28,21,-1,-8,0.0222058314830064
logQ,Late,28,22,-1,-7,0.0261595342308282
logQ,Late,28,23,-1,-6,0.0316442251205444
logQ,Late,28,24,-1,-5,0.0395463146269321
logQ,Late,28,25,-1,-4,0.051469087600708
logQ,Late,28,26,-1,-3,0.0705148056149482
logQ,Late,28,27,-1,-2,0.1031405180692672
logQ,Late,28,28,-1,-1,0.1637684851884842
logQ,Late,28,29,-1,0,0.2863603234291076
logQ,Late,29,0,0,-29,0.0093997605144977
logQ,Late,29,1,0,-28,0.0087769776582717
logQ,Late,29,2,0,-27,0.0084812967106699
logQ,Late,29,3,0,-26,0.0084065636619925
logQ,Late,29,4,0,-25,0.0084869982674717
logQ,Late,29,5,0,-24,0.0086802979931235
logQ,Late,29,6,0,-23,0.0089587066322565
logQ,Late,29,7,0,-22,0.0093039916828274
logQ,Late,29,8,0,-21,0.0097047910094261
logQ,Late,29,9,0,-20,0.0101550528779625
logQ,Late,29,10,0,-19,0.0106532778590917
logQ,Late,29,11,0,-18,0.0112021956592798
logQ,Late,29,12,0,-17,0.0118088703602552
logQ,Late,29,13,0,-16,0.012485135346651
logQ,Late,29,14,0,-15,0.0132484463974833
logQ,Late,29,15,0,-14,0.0141233317553997
logQ,Late,29,16,0,-13,0.0151436673477292
logQ,Late,29,17,0,-12,0.016356086358428
logQ,Late,29,18,0,-11,0.0178254060447216
logQ,Late,29,19,0,-10,0.0196431279182434
logQ,Late,29,20,0,-9,0.0219411887228488
logQ,Late,29,21,0,-8,0.0249149277806282
logQ,Late,29,22,0,-7,0.0288631040602922
logQ,Late,29,23,0,-6,0.0342603549361228
logQ,Late,29,24,0,-5,0.0418952889740467
logQ,Late,29,25,0,-4,0.0531465783715248
logQ,Late,29,26,0,-3,0.0705641880631446
logQ,Late,29,27,0,-2,0.0991503223776817
logQ,Late,29,28,0,-1,0.149265170097351
logQ,Late,29,29,0,0,0.2431549429893493
